  14.00000     -5.665650     -8.279380      292.8790     0.3049050E-10  0.000000      80615.80      2376.700    
  14.00000     -9.258220     0.6651900E-01  294.2340     0.1447040E-10  0.000000      39061.90      3490.812    
  14.00000     -4.162240      5.123080      297.9910     0.4741040E-10  0.000000      4297.830      3227.436    
  14.00000      3.406540     -4.090710      299.3260     0.3987680E-10  0.000000      15417.70      2393.489    
  14.00000     0.7682570      4.238210      300.1770     0.2798610E-10  0.000000      81592.40      981.5894    
  14.00000     -4.174040      6.477980      296.5920     0.1093290E-10  0.000000      31671.70      3074.498    
  14.00000      7.316460      7.025480      292.6750    -0.8658460E-11  0.000000      62799.00      3022.165    
  14.00000    -0.6011130     -2.847810      301.0490    -0.8151210E-11  0.000000      50574.10      961.2555    
  14.00000     0.6802140      2.898080      301.0150    -0.3535990E-10  0.000000      23569.70      1250.311    
  14.00000     0.1274870     -6.773770      297.7860    -0.2682250E-10  0.000000      73870.60      1732.030    
  14.00000     -6.226920    -0.1541850      298.4110     0.3165440E-11  0.000000      26031.30      2587.639    
  14.00000     -1.681200      5.593510      298.8210    -0.5524690E-11  0.000000      7655.370      2782.242    
  14.00000     -10.04750      1.971070      292.4970     0.3602460E-10  0.000000      55325.20      3314.141    
  14.00000     -4.716960      2.181490      299.4420    -0.2720420E-10  0.000000      24690.70      2174.812    
  14.00000      3.807530     -3.335410      299.5630    -0.3672310E-11  0.000000      19982.80      2196.956    
  14.00000      7.467510     -1.823840      296.6190     0.2358070E-11  0.000000      38570.00      2887.756    
  14.00000      1.005750     -1.431750      301.5150     0.1695640E-11  0.000000      207.2150      869.2503    
  14.00000      5.714070      5.069140      296.6850    -0.2660430E-10  0.000000      49247.80      2593.985    
  14.00000      6.633000     -1.887470      297.6400    -0.3263250E-10  0.000000      23221.50      2937.458    
  14.00000     -3.839020     -3.297160      299.5640     0.7529510E-11  0.000000      7071.580      2414.505    
  14.00000     0.6487400     -4.284940      300.1570     0.2031840E-10  0.000000      27356.00      1770.777    
  14.00000     -5.542620     -3.749790      297.8850    -0.3162180E-10  0.000000      61889.80      1979.371    
  14.00000      5.169400     0.9613600      299.3860    -0.1518460E-10  0.000000      20758.90      2269.826    
  14.00000     -7.366770      2.009130      296.6880     0.9871960E-11  0.000000      44340.50      2719.348    
  14.00000      2.728390    -0.8590550      301.0740    -0.4357400E-10  0.000000      35552.80      1087.337    
  14.00000     -3.966860      5.554310      297.7250     0.1364490E-10  0.000000      64107.50      1969.107    
  14.00000    -0.5470540      6.091810      298.5320     0.2598110E-10  0.000000      14816.90      2769.631    
  14.00000     -3.607120      6.521160      296.9340    -0.2639740E-10  0.000000      74047.90      1906.209    
  14.00000     -1.068030      3.343350      300.7170    -0.4037770E-10  0.000000      59790.80      1052.870    
  14.00000      5.910410     0.1318060      298.7480    -0.3841580E-10  0.000000      48792.90      2002.772    
  14.00000      1.304020      1.755090      301.3670     0.8774430E-12  0.000000      69483.60      584.1702    
  14.00000     -4.947180     -6.679310      295.7280    -0.2713940E-10  0.000000      36701.90      3184.423    
  14.00000     -6.476850      3.315310      297.1640    -0.2451950E-10  0.000000      33924.90      2842.094    
  14.00000     -4.036020      6.035850      297.1840    -0.4470970E-10  0.000000      10694.50      3403.568    
  14.00000     0.6193720      2.660230      301.1360     0.4249540E-10  0.000000      3853.750      1325.584    
  14.00000     -1.345140     -4.044640      300.2100    -0.3024400E-10  0.000000      24579.20      1780.755    
  14.00000     -7.665230     0.2666220      296.6420     0.3755930E-10  0.000000      52691.00      2515.985    
  14.00000      1.784570      4.971720      299.3640     0.2519050E-10  0.000000      42909.40      1889.622    
  14.00000     -5.191550      3.345210      298.4680     0.1346190E-10  0.000000      76423.20      1522.469    
  14.00000     -7.407240     -5.388610      294.3980     0.4555870E-10  0.000000      66142.60      2609.148    
  14.00000     -7.477130      3.663910      295.7060     0.7204840E-12  0.000000      69490.80      2266.999    
  14.00000      5.416670      7.180260      294.6690    -0.3909900E-10  0.000000      35758.90      3487.006    
  14.00000      5.444560     -3.642950      298.0490    -0.2123130E-10  0.000000      58465.50      2011.862    
  14.00000     -1.310760     -10.23690      292.3440    -0.1491050E-11  0.000000      75795.20      2619.615    
  14.00000     0.1266850E-01  11.60430      289.7450     0.3216970E-10  0.000000      81173.20      2756.518    
  14.00000     0.9292330      1.794540      301.4270     0.2153110E-10  0.000000      27443.80      821.6520    
  14.00000     -1.206120      5.105430      299.3970     0.3166850E-10  0.000000      67775.40      1440.720    
  14.00000      6.020750     -4.281840      297.0190    -0.3173590E-10  0.000000      9879.790      3485.359    
  14.00000      7.593340     0.7425030      296.6970    -0.3886300E-10  0.000000      22554.50      3277.258    
  14.00000      5.875630      1.462590      298.5980    -0.2707010E-10  0.000000      36777.10      2295.919    
  14.00000     -4.591910     -1.547140      299.7490    -0.4403870E-10  0.000000      72336.90      1255.450    
  14.00000      1.815830     -1.962760      301.1630     0.1185230E-10  0.000000      26546.80      1096.083    
  14.00000     -11.95490     -1.653640      288.7160     0.2119000E-10  0.000000      81894.20      2846.916    
  14.00000    -0.7723680     -2.060700      301.3620    -0.4250900E-10  0.000000      35603.20      835.3804    
  14.00000      1.945140     0.3894640      301.4400    -0.3969820E-11  0.000000      50821.60      652.6832    
  14.00000     -1.517730      1.769020      301.3110     0.4169030E-10  0.000000      78907.80      549.9513    
  14.00000      7.098340    -0.5383280E-01  297.3900     0.4144830E-10  0.000000      55081.10      2265.665    
  14.00000      2.954900     0.8515150      300.9640    -0.3812140E-11  0.000000      7580.320      1455.194    
  14.00000     -6.186920     -5.096500      296.1590    -0.2322130E-10  0.000000      33704.30      3147.625    
  14.00000      5.776510      2.564260      298.3100    -0.1681820E-10  0.000000      58262.30      1943.583    
  14.00000     -4.902760      2.337640      299.2240    -0.2603280E-10  0.000000      37271.50      2046.257    
  14.00000      2.269410     0.3085440      301.3270    -0.4735290E-10  0.000000      10947.60      1056.892    
  14.00000     0.9262430      5.678180      298.9100    -0.3197220E-10  0.000000      9918.080      2696.208    
  14.00000     -8.129230     -2.575560      295.4030     0.2800760E-10  0.000000      40221.30      3169.011    
  14.00000      3.625110      5.669420      297.8400    -0.3908320E-10  0.000000      24042.90      2845.842    
  14.00000      8.441970     -2.406350      295.0140     0.4445480E-11  0.000000      51286.70      2937.244    
  14.00000      3.503890     -7.339310      295.9910    -0.2462600E-10  0.000000      71389.40      2159.950    
  14.00000      3.688980     -2.418460      300.0990     0.3966370E-10  0.000000      2828.000      2163.239    
  14.00000     -7.460340      4.187500      295.3610     0.1514560E-10  0.000000      44080.10      3068.003    
  14.00000     -2.201770     -5.206700      299.0100    -0.4206160E-11  0.000000      32322.50      2224.817    
  14.00000     -1.135480      1.200020      301.5430    -0.3331550E-10  0.000000      10039.80      766.8068    
  14.00000      3.214860     -7.206770      296.3360     0.1790400E-10  0.000000      43889.40      2825.685    
  14.00000      3.147060      2.529220      300.3720     0.2987880E-10  0.000000      14956.90      1815.178    
  14.00000      6.981080      7.275630      292.7860     0.9756260E-11  0.000000      69099.20      2786.118    
  14.00000      7.781610     -4.655220      294.5490    -0.3819170E-10  0.000000      72079.20      2398.814    
  14.00000     -4.259850     -3.329280      299.2480    -0.2809870E-10  0.000000      34207.00      2092.033    
  14.00000      2.955580      5.821850      298.0740     0.3094240E-10  0.000000      67591.90      1805.096    
  14.00000     -5.540060     -1.385230      298.9530     0.3886350E-10  0.000000      2909.020      2809.739    
  14.00000      6.839120    -0.7343420      297.6610     0.5435240E-11  0.000000      31895.30      2729.196    
  14.00000     0.5154630      3.148720      300.9020    -0.3863850E-10  0.000000      24189.10      1334.044    
  14.00000     -8.258110     0.5061130      295.7850     0.7541990E-11  0.000000      31807.20      3306.052    
  14.00000     -4.394090      4.821520      298.0810    -0.3967780E-10  0.000000      47864.90      2235.200    
  14.00000     -2.871850     -3.336820      300.1050     0.4493850E-11  0.000000      7207.720      2094.737    
  14.00000      5.679610      8.080230      293.1620     0.1006140E-10  0.000000      63805.80      2903.887    
  14.00000     -1.182260     -6.881470      297.5340    -0.2647330E-10  0.000000      49253.10      2364.248    
  14.00000      6.030930      1.234580      298.4900    -0.2455940E-10  0.000000      11964.50      2846.816    
  14.00000      2.002830      4.505470      299.6770    -0.2248130E-10  0.000000      24862.10      2058.890    
  14.00000      4.660010     0.9258500      299.8280    -0.3837450E-10  0.000000      23910.00      1998.030    
  14.00000     0.3319610      2.887050      301.0510     0.2010630E-11  0.000000      231.0890      1445.733    
  14.00000     -4.502170      1.888340      299.7180    -0.2588500E-10  0.000000      49277.00      1640.691    
  14.00000     0.9306190      4.802580      299.7100    -0.2906310E-10  0.000000      45972.40      1697.955    
  14.00000     -4.982910      1.550440      299.4220     0.5065770E-11  0.000000      7182.080      2489.137    
  14.00000     -4.216940    -0.7848500E-01  300.2430     0.4263450E-10  0.000000      78967.90      997.8250    
  14.00000     -1.743710      7.144070      297.0630    -0.2098100E-10  0.000000      21043.50      3192.317    
  14.00000      8.618980     0.8833350      295.1930     0.5882950E-12  0.000000      63282.10      2545.233    
  14.00000    -0.3016490     -4.523450      300.0040    -0.4484670E-10  0.000000      72377.20      1172.993    
  14.00000     -5.696220     -1.448720      298.7830     0.2181740E-10  0.000000      6046.290      2831.810    
  14.00000     -3.872840      2.896640      299.7570    -0.7833030E-11  0.000000      38142.90      1804.695    
  14.00000     0.4970590     0.2446360      301.7520     0.1539080E-11  0.000000      195.0860      275.0328    
  14.00000     -10.75120     0.7711240      291.4560     0.1576620E-10  0.000000      64327.60      3168.393    
  14.00000    -0.2728540     0.4029850      301.7580    -0.3324340E-10  0.000000      46194.60      167.4150    
  14.00000     -2.593120     -1.874620      300.8970    -0.1048040E-10  0.000000      13049.20      1456.345    
  14.00000      4.699070     -2.443600      299.3510     0.4525220E-10  0.000000      42015.20      1910.589    
  14.00000     0.7634860      3.313250      300.7820     0.2811550E-10  0.000000      52309.10      1104.311    
  14.00000     -3.034000      2.804750      300.3060     0.4722400E-10  0.000000      28620.80      1670.012    
  14.00000      6.189220      2.516350      297.8970     0.2157470E-10  0.000000      52068.60      2196.395    
  14.00000      4.252170      6.788240      296.1680     0.2114980E-10  0.000000      43431.00      2882.231    
  14.00000     -5.442820     -4.593500      297.3600    -0.2291430E-10  0.000000      49406.60      2409.328    
  14.00000     -5.393280     0.9522090      299.1810     0.4354510E-10  0.000000      2392.050      2702.055    
  14.00000     -1.136070     -5.187870      299.3380     0.4336040E-10  0.000000      28956.30      2147.537    
  14.00000     -1.803650      2.604750      300.9140    -0.3107910E-10  0.000000      47282.50      1081.491    
  14.00000     -5.493040     -4.041780      202.6260     -191.8750      0.000000      85077.60      2185.094    
  14.00000     -2.092240     -2.636510      300.8020     0.2958670E-10  0.000000      68297.50      914.2054    
  14.00000      7.640840      3.629450      295.5070    -0.3279730E-10  0.000000      71850.10      2237.081    
  14.00000      2.475960     -1.639520      301.0190    -0.3359770E-10  0.000000      8781.800      1393.130    
  14.00000     -3.275620     -7.425710      296.0150    -0.2664260E-10  0.000000      37126.10      3094.756    
  14.00000     -5.506790      2.186210      298.7340    -0.2619270E-10  0.000000      74226.50      1502.839    
  14.00000      2.762710     -8.207530      295.1990    -0.2292580E-10  0.000000      33644.90      3413.421    
  14.00000      1.001840     -1.082730      301.5910     0.3943110E-10  0.000000      15371.00      658.4889    
  14.00000      3.143380      5.298370      298.4850     0.3301640E-10  0.000000      16567.60      2754.007    
  14.00000     -5.332070     -1.902920      299.0020    -0.2802160E-10  0.000000      8514.580      2678.957    
  14.00000    -0.2922240     -10.67230      291.6590     0.4257340E-10  0.000000      65754.20      3083.853    
  14.00000     0.6104480      5.761150      298.8690     0.4373040E-10  0.000000      2245.440      2864.136    
  14.00000     -4.550790      1.967160      299.6530     0.2157600E-10  0.000000      43358.40      1764.386    
  14.00000     -2.335640      3.264980      300.3880     0.6994330E-11  0.000000      63623.20      1154.340    
  14.00000      2.053860     -5.674050      298.6200     0.2822660E-10  0.000000      40529.80      2212.108    
  14.00000     -3.903620     -3.719570      299.2620     0.3086440E-10  0.000000      29918.60      2163.577    
  14.00000      1.178930     -2.274910      301.2130    -0.4533870E-10  0.000000      11146.10      1181.149    
  14.00000      6.810270     -1.187410      297.6190    -0.2127790E-11  0.000000      7505.110      3309.831    
  14.00000      5.284100     -1.771090      299.0880    -0.3747860E-10  0.000000      47741.30      1905.423    
  14.00000     -1.997340     -6.016240      298.2890     0.2502320E-10  0.000000      1440.880      3157.123    
  14.00000     -3.294400      2.935440      300.0980     0.4159820E-10  0.000000      2071.480      2175.056    
  14.00000     -3.652200     0.4543730      300.6110     0.4505050E-10  0.000000      28427.40      1488.403    
  14.00000     -2.105720     0.3475000      301.3860     0.1419340E-10  0.000000      31545.90      838.8076    
  14.00000      3.399950     -5.218280      298.4110     0.3421930E-10  0.000000      18031.10      2754.338    
  14.00000      6.497880      1.355900      297.9480    -0.3036640E-10  0.000000      71742.00      1743.472    
  14.00000     -2.142680     -9.618760      293.2010     0.4003470E-10  0.000000      79624.70      2365.323    
  14.00000     0.8299280     -6.839930      297.6470     0.1861300E-11  0.000000      13758.10      3153.802    
  14.00000     -5.227340      5.769900      296.4830    -0.4269700E-10  0.000000      22280.30      3353.936    
  14.00000     -1.070770     -3.902840      300.3660     0.1096650E-10  0.000000      56408.50      1261.030    
  14.00000     -1.767850     -5.208720      299.1580    -0.3410410E-10  0.000000      73346.90      1409.403    
  14.00000     -4.504860     -1.355400      299.8660     0.1015430E-10  0.000000      746.9780      2341.506    
  14.00000     -4.199070      2.486430      299.7200     0.1755620E-11  0.000000      75936.00      1205.903    
  14.00000      5.765960     -4.262310      297.2990     0.4241800E-10  0.000000      65747.30      2032.026    
  14.00000     -6.534290     -4.400960      296.3540     0.3577370E-10  0.000000      53369.20      2568.795    
  14.00000      7.296750     -6.877080      292.8890    -0.2569110E-10  0.000000      49285.00      3447.892    
  14.00000     0.5617940      6.886010      297.6240     0.2918520E-10  0.000000      40692.50      2537.408    
  14.00000     -8.224380     -2.421480      295.3330     0.4621870E-10  0.000000      66019.60      2437.931    
  14.00000      5.565810      1.918680      298.7730     0.1897790E-10  0.000000      1208.870      2931.887    
  14.00000      1.256620      7.504230      296.7250     0.3602550E-10  0.000000      16016.00      3435.660    
  14.00000     0.5400770     -10.48590      292.0020     0.1035330E-10  0.000000      56448.40      3363.925    
  14.00000     -6.004130      2.401640      298.1450    -0.3188650E-10  0.000000      9614.190      3044.910    
  14.00000     -7.667400     0.3990180      296.6310    -0.2140010E-10  0.000000      24901.50      3237.956    
  14.00000      9.762980     -2.371610      292.8530    -0.4292730E-10  0.000000      48605.60      3478.537    
  14.00000     -1.435520      7.027770      297.2960    -0.3250840E-10  0.000000      23095.30      3061.840    
  14.00000     -7.700950      2.276490      296.1390     0.3531890E-10  0.000000      78548.00      1937.559    
  14.00000      3.127410      2.630320      300.3380    -0.1134910E-10  0.000000      7891.740      1933.561    
  14.00000     -7.199230     -2.111820      296.8670    -0.3536190E-10  0.000000      23569.90      3195.208    
  14.00000     -11.59190     -5.356260      287.0720     0.2766730E-10  0.000000      77937.20      3205.503    
  14.00000     -4.961490      3.675140      298.4700    -0.3065330E-10  0.000000      34327.80      2392.886    
  14.00000     -4.395940      2.717280      299.4680     0.4613320E-10  0.000000      41576.90      1871.075    
  14.00000    -0.1365700     -6.427610      298.1880     0.2066630E-11  0.000000      51155.50      2131.130    
  14.00000     -8.577770     -3.405040      294.2830    -0.1773720E-10  0.000000      58310.60      2875.435    
  14.00000     -7.734390     -1.488630      296.3570     0.1753010E-10  0.000000      56035.90      2497.304    
  14.00000      7.695950     -1.101030      296.4990    -0.2913540E-10  0.000000      21350.50      3373.237    
  14.00000      4.104240      1.399390      300.1550    -0.1452920E-10  0.000000      58125.20      1327.288    
  14.00000      6.080400     -1.888850      298.2580     0.4233020E-10  0.000000      4715.510      3101.443    
  14.00000      1.292810      6.674660      297.7580     0.1837790E-10  0.000000      27181.10      2804.324    
  14.00000      4.535140      1.270220      299.8620     0.2860700E-10  0.000000      1571.830      2331.229    
  14.00000     -4.073980     -5.492930      297.7090     0.4026260E-11  0.000000      13873.80      3127.026    
  14.00000     -8.745960      3.684230      293.8410     0.1959550E-10  0.000000      43684.80      3433.696    
  14.00000      4.670580      7.401510      295.0550     0.3016070E-10  0.000000      42651.50      3184.182    
  14.00000     -9.570160    -0.7333060      293.6540    -0.3342180E-10  0.000000      46584.40      3380.186    
  14.00000    -0.9802180     -1.688940      301.4500     0.4622980E-10  0.000000      4507.400      942.4942    
  14.00000      5.349190    -0.6096160E-01  299.3020    -0.3431080E-10  0.000000      9111.020      2518.162    
  14.00000      5.161870      4.657090      297.5710    -0.3109930E-10  0.000000      71775.30      1827.582    
  14.00000     -3.042810     -7.150580      296.5030    -0.2590130E-10  0.000000      37288.80      2954.055    
  14.00000      3.672320     -2.035920      300.2570     0.4036450E-10  0.000000      42230.80      1507.089    
  14.00000     -3.235470      6.251330      297.4640    -0.1825730E-10  0.000000      62392.90      2073.076    
  14.00000     -1.736270      1.725360      301.2630    -0.6993360E-11  0.000000      38177.50      908.5550    
  14.00000     -8.063800      10.22310      286.4560     0.2762290E-10  0.000000      77452.20      3297.601    
  14.00000     -10.44470      5.523160      289.2840     0.3661100E-10  0.000000      79836.90      2865.646    
  14.00000      2.473510      3.041750      300.4530     0.1627020E-10  0.000000      51866.30      1280.518    
  14.00000      4.334170     -4.894650      298.0640    -0.3612950E-10  0.000000      23651.90      2771.340    
  14.00000      7.432440     -7.767180      291.5130     0.4937850E-12  0.000000      63277.10      3198.150    
  14.00000      4.754710      4.559410      298.0070     0.2288250E-12  0.000000      66.92810      3314.311    
  14.00000      3.271110     0.5087870      300.8340    -0.1651170E-10  0.000000      12511.10      1512.957    
  14.00000      4.282080     0.8483540      300.1330     0.3320950E-10  0.000000      30619.30      1736.342    
  14.00000    -0.8652840    -0.6327390      301.6790    -0.1480310E-11  0.000000      38407.60      396.5188    
  14.00000     -9.349700     -2.658160      293.4400    -0.2624190E-11  0.000000      83044.00      2217.922    
  14.00000      9.279420    -0.1586180E-01  294.1990     0.2067700E-10  0.000000      43511.60      3358.788    
  14.00000     -1.252590    -0.7540590      301.5940    -0.3789670E-10  0.000000      34633.30      559.2676    
  14.00000      5.170890     -1.311280      299.3150    -0.1816180E-11  0.000000      13561.40      2431.687    
  14.00000      7.352460      3.418420      296.0260     0.5376890E-11  0.000000      26147.10      3392.386    
  14.00000     -1.380910     0.7816990      301.5620     0.1146040E-10  0.000000      26515.10      649.7737    
  14.00000      1.710190     -1.314220      301.3780     0.8435150E-11  0.000000      19206.70      936.0311    
  14.00000     -2.681400      5.928960      298.0990     0.3986700E-10  0.000000      2807.750      3213.013    
  14.00000     0.2774610E-01  6.475140      298.1360    -0.2664750E-10  0.000000      37124.20      2451.543    
  14.00000     -6.435980      2.247200      297.7360     0.5497380E-11  0.000000      56769.30      2134.627    
  14.00000     -5.241880     -6.087050      296.1350    -0.3917370E-10  0.000000      34685.70      3128.042    
  14.00000      3.149310     -3.826810      299.6550     0.1644680E-10  0.000000      26987.50      2034.535    
  14.00000      2.482240      2.620200      300.6560     0.4267580E-10  0.000000      54872.50      1141.978    
  14.00000    -0.2024190     -5.946820      298.7080     0.4330520E-10  0.000000      17397.20      2641.448    
  14.00000     -4.289460      7.816440      294.7950     0.4482240E-10  0.000000      66201.30      2534.489    
  14.00000     -3.774690     -1.046470      300.4550     0.1974760E-10  0.000000      64730.70      1111.665    
  14.00000     0.6877830      8.138580      295.9400    -0.3191430E-10  0.000000      47385.90      2832.026    
  14.00000      5.003920     -4.305160      297.9910    -0.3604010E-10  0.000000      23642.30      2799.048    
  14.00000     -4.041050      3.500610      299.3040     0.2685230E-10  0.000000      5438.830      2582.280    
  14.00000     -3.591540      4.224300      299.1160     0.4281680E-10  0.000000      2499.350      2734.221    
  14.00000      1.505560     -4.952630      299.4600    -0.9321820E-11  0.000000      45212.10      1811.345    
  14.00000      8.869120     -3.601750      293.6990    -0.2664160E-10  0.000000      73927.60      2479.435    
  14.00000      5.811200      1.177470      298.7300     0.1717450E-10  0.000000      31432.80      2353.360    
  14.00000     -4.263400     -2.871540      299.4930     0.2621170E-10  0.000000      31087.30      2040.925    
  14.00000     -9.530060     -2.838960      293.0400    -0.5249480E-11  0.000000      50749.70      3367.929    
  14.00000      1.910570     -6.261550      298.0540     0.9971060E-11  0.000000      14185.30      2983.075    
  14.00000     -4.154080      5.161020      297.9630     0.1665300E-10  0.000000      64422.10      1902.806    
  14.00000     -4.000930      7.079170      295.9930     0.4137960E-10  0.000000      28267.50      3344.247    
  14.00000      2.906710      12.10880      287.8290    -0.2366710E-10  0.000000      71253.30      3406.940    
  14.00000     -5.746530    -0.5401670E-01  298.9160    -0.1931140E-10  0.000000      8189.670      2726.362    
  14.00000      5.876120      4.636120      296.8910     0.1999140E-10  0.000000      52009.40      2470.405    
  14.00000     -5.570640      4.528360      297.2880    -0.3281030E-10  0.000000      9419.940      3394.771    
  14.00000     -1.254140      1.746580      301.3810     0.3135660E-10  0.000000      30074.30      855.6133    
  14.00000      3.891330     -2.656930      299.8600     0.3342510E-10  0.000000      1746.540      2329.591    
  14.00000      5.176120      3.784790      298.2070     0.2801600E-10  0.000000      40189.50      2361.217    
  14.00000      2.767060     -3.332580      300.1590    -0.4187670E-10  0.000000      10532.00      2012.663    
  14.00000      5.204560     -7.512550      294.4320     0.7791410E-12  0.000000      38503.30      3460.887    
  14.00000      5.158900      2.244810      299.0360     0.3072570E-10  0.000000      29824.80      2261.006    
  14.00000     -4.534600     0.4583330E-01  300.0020     0.2979430E-10  0.000000      30935.90      1799.773    
  14.00000     0.4850400E-01  1.004390      301.6910     0.1059100E-10  0.000000      44306.70      352.2843    
  14.00000      10.65910      3.425750      290.6090    -0.2276360E-10  0.000000      71076.60      3040.623    
  14.00000     -6.221020    -0.6726500      298.3790     0.2855310E-10  0.000000      5342.770      3033.594    
  14.00000      2.214700      4.765280      299.3890     0.4707880E-10  0.000000      4236.450      2558.398    
  14.00000    -0.2587030     -5.783320      298.8740    -0.7415740E-11  0.000000      45132.80      2031.248    
  14.00000     -1.435710      1.495820      301.4080     0.2500920E-10  0.000000      1440.370      1021.919    
  14.00000      2.037100      2.500740      300.8820     0.3953840E-11  0.000000      364.0730      1604.091    
  14.00000     -2.734790     -1.806580      300.8530     0.3196500E-10  0.000000      40880.70      1188.793    
  14.00000     -1.997430     -2.226690      301.0080    -0.9746190E-11  0.000000      25368.00      1238.544    
  14.00000      2.818060     -2.663040      300.4820    -0.3391530E-10  0.000000      60911.70      1149.552    
  14.00000     -8.625580      1.763740      294.9730     0.1278530E-10  0.000000      64024.90      2566.098    
  14.00000     -6.465730      6.885480      293.9180    -0.3093880E-10  0.000000      47243.30      3302.206    
  14.00000      2.860970      4.298510      299.4720     0.4551560E-10  0.000000      42001.90      1862.126    
  14.00000     -3.046840     0.2489080E-01  300.9790    -0.3329840E-10  0.000000      22969.50      1285.985    
  14.00000     -3.708810     -7.083690      296.1880     0.4793990E-11  0.000000      26116.40      3344.353    
  14.00000      4.273170     -3.971730      298.8280    -0.9095700E-11  0.000000      7803.950      2776.046    
  14.00000     0.1567850      1.597040      301.5570    -0.9319040E-11  0.000000      25388.60      663.1121    
  14.00000      7.652150      1.518400      296.4610    -0.3041990E-10  0.000000      61936.80      2317.375    
  14.00000     -7.051870     -6.258380      293.9470     0.2387010E-10  0.000000      68546.40      2612.660    
  14.00000      6.530450     -8.784130      291.1220    -0.9714480E-11  0.000000      62747.50      3280.539    
  14.00000     -6.588730     -3.381190      296.9960     0.3385060E-10  0.000000      16244.00      3335.235    
  14.00000      2.948580      5.289000      298.5970    -0.2769040E-10  0.000000      36443.90      2302.855    
  14.00000      7.153700      3.129590      296.4520     0.4288650E-10  0.000000      17354.70      3493.773    
  14.00000     -11.13610     -1.527190      290.5180     0.1485750E-10  0.000000      82164.90      2624.584    
  14.00000      8.275400      3.044940      294.9510     0.4135310E-10  0.000000      79539.80      2106.469    
  14.00000      6.852660     -5.341280      295.1550    -0.2443000E-10  0.000000      74749.70      2215.122    
  14.00000     -7.257060      8.242850      291.0480    -0.3147800E-10  0.000000      71792.20      2951.047    
  14.00000      4.336720     -7.124960      295.6850     0.1564460E-10  0.000000      44051.80      2988.699    
  14.00000     -2.333350      7.548820      296.3220    -0.1400580E-10  0.000000      83716.20      1767.410    
  14.00000     -1.559470     0.5768650      301.5400     0.3657190E-10  0.000000      3222.570      809.3566    
  14.00000     0.1135050     -9.695250      293.4830     0.1091200E-10  0.000000      56412.00      3091.904    
  14.00000     -5.058640     -8.274540      293.4790    -0.4152550E-10  0.000000      48667.40      3348.649    
  14.00000      8.277480     -4.711600      293.7820     0.3024670E-10  0.000000      67401.70      2677.858    
  14.00000     -4.607800     -2.271160      299.4960    -0.3648370E-10  0.000000      24327.80      2155.598    
  14.00000     0.8841350      5.961050      298.6280    -0.2292570E-10  0.000000      37504.90      2270.131    
  14.00000     -4.443150     -6.924300      295.8530    -0.1057780E-10  0.000000      25329.00      3466.920    
  14.00000      4.261760      4.108000      298.7400    -0.3419980E-10  0.000000      8841.250      2796.957    
  14.00000    -0.8570100E-01  3.049390      300.9770     0.2896810E-10  0.000000      18221.00      1335.664    
  14.00000     -7.753980     -3.207340      295.6100    -0.4297130E-10  0.000000      72931.90      2187.644    
  14.00000     -3.070350     -3.277810      300.0370    -0.3514970E-10  0.000000      35939.00      1707.368    
  14.00000     -2.870440      1.991640      300.7270    -0.3318980E-10  0.000000      61826.00      1024.367    
  14.00000      1.198850      10.57920      291.7160    -0.1069110E-10  0.000000      62701.70      3186.171    
  14.00000      1.421440     -9.350570      293.8960     0.2490430E-10  0.000000      55740.10      3033.418    
  14.00000     -2.385580      5.609710      298.5540    -0.3332510E-10  0.000000      8762.320      2883.797    
  14.00000      2.778650    -0.3304470      301.1040    -0.2040560E-10  0.000000      24938.00      1162.231    
  14.00000     -5.171010      5.136660      297.1480     0.4388980E-10  0.000000      17541.50      3249.039    
  14.00000      3.806840    -0.8943500      300.4600     0.3951970E-10  0.000000      17828.50      1720.211    
  14.00000     -5.037010     -9.007930      292.3440     0.3214440E-10  0.000000      67942.90      2896.849    
  14.00000      2.254920      1.883650      301.0350     0.4333060E-10  0.000000      3915.250      1425.817    
  14.00000     -8.909110     -3.266790      293.8430     0.3657390E-10  0.000000      52640.90      3144.047    
  14.00000     -6.186380     0.9008020E-01  298.4560     0.3075720E-10  0.000000      29793.00      2491.908    
  14.00000     0.2640270      8.094570      296.0400    -0.3000870E-11  0.000000      44935.90      2874.277    
  14.00000      2.235920      2.111620      300.9640    -0.2739390E-10  0.000000      36541.70      1159.385    
  14.00000     0.5850590E-01 -5.435580      299.2200     0.1081130E-10  0.000000      56418.60      1700.082    
  14.00000     -9.237190      4.810780      292.1650     0.1486650E-10  0.000000      82164.50      2418.144    
  14.00000     0.3741560      6.600990      297.9790     0.1983320E-10  0.000000      31332.30      2633.010    
  14.00000      3.864750     0.2048000E-01  300.4900    -0.1677410E-10  0.000000      12487.00      1768.647    
  14.00000     -2.759070      6.872930      296.9950     0.2016620E-10  0.000000      52016.00      2443.391    
  14.00000    -0.4431530      5.629910      299.0160    -0.4087810E-10  0.000000      22416.30      2409.592    
  14.00000      1.553000     -2.586460      300.9950    -0.1576060E-10  0.000000      20793.10      1295.045    
  14.00000     -2.978620     -1.146180      300.9010     0.2417570E-10  0.000000      5673.470      1530.814    
  14.00000      2.378360      1.087910      301.1900    -0.4678550E-10  0.000000      11053.60      1206.534    
  14.00000     0.7993490     -5.486880      299.1160    -0.1412480E-10  0.000000      12732.80      2544.562    
  14.00000     -4.410860     -2.940780      299.3460     0.3300390E-10  0.000000      15071.60      2389.533    
  14.00000     -2.307210    -0.3942920      301.3070    -0.7371830E-11  0.000000      20232.20      1008.082    
  14.00000     0.1224300    -0.6471770      301.7410    -0.4427300E-10  0.000000      22004.60      279.3949    
  14.00000     -4.412970    -0.7728260      300.0450    -0.4453050E-11  0.000000      50794.50      1481.289    
  14.00000     -4.310110      4.514870      298.3960     0.3732510E-10  0.000000      41146.40      2277.012    
  14.00000     -2.790940      2.801920      300.4300     0.2857020E-10  0.000000      5341.890      1904.229    
  14.00000     -2.512410      10.16740      292.0530    -0.2414810E-10  0.000000      74775.00      2697.619    
  14.00000      6.561660     0.4070160      298.0220    -0.3357020E-10  0.000000      46228.40      2289.169    
  14.00000      4.454880     -10.65710      289.8600     0.4705640E-11  0.000000      76061.80      2946.393    
  14.00000     -5.239290      3.608420      298.2640     0.2607990E-10  0.000000      77001.60      1556.982    
  14.00000     -8.381800      1.631890      295.3850    -0.2332430E-10  0.000000      37483.60      3252.697    
  14.00000     -6.020750     -5.094900      296.3420    -0.1128230E-10  0.000000      50333.70      2652.627    
  14.00000     0.8341360      4.306790      300.1170    -0.2676430E-10  0.000000      37070.10      1650.701    
  14.00000     -6.584550     -3.934580      296.6410     0.2331990E-10  0.000000      18428.10      3402.186    
  14.00000     -7.123630     -1.101920      297.2510    -0.2041790E-10  0.000000      21020.80      3127.752    
  14.00000     -5.664150     -4.143930      297.4900    -0.2346650E-10  0.000000      74824.90      1773.478    
  14.00000     0.2099160     -8.956070      294.7260     0.3129760E-10  0.000000      67679.70      2502.218    
  14.00000     -1.583520      4.901540      299.4830     0.4183500E-10  0.000000      2609.750      2535.051    
  14.00000      3.707870      7.397550      295.7830    -0.4479720E-10  0.000000      34926.10      3219.292    
  14.00000      6.787440     -1.744380      297.5030    -0.1267930E-10  0.000000      12864.40      3230.380    
  14.00000     -5.716550     0.8901280E-01  298.9460    -0.2045130E-10  0.000000      74984.50      1434.646    
  14.00000     -3.560340     -1.038290      300.5930    -0.3059520E-10  0.000000      11724.70      1706.009    
  14.00000     -1.970080     -6.353150      297.9320    -0.6370950E-11  0.000000      45087.70      2342.260    
  14.00000      7.916900     -3.125410      295.4280     0.3796620E-10  0.000000      53145.30      2790.453    
  14.00000     0.7242900      1.369910      301.5720    -0.2813030E-10  0.000000      24656.90      644.0626    
  14.00000     -2.124780     -7.377110      296.6320    -0.3117700E-10  0.000000      58844.50      2359.157    
  14.00000     -5.536220      6.569440      295.3050    -0.3901160E-10  0.000000      59887.00      2621.599    
  14.00000      3.738440     -2.811340      299.8880    -0.3717130E-12  0.000000      7426.230      2223.821    
  14.00000     -5.129540     -8.212820      293.5060    -0.3098600E-10  0.000000      47259.50      3389.530    
  14.00000     -2.188350     -2.861880      300.6600    -0.3991100E-10  0.000000      59824.20      1080.535    
  14.00000     0.8098580      3.666170      300.5630     0.3814230E-10  0.000000      4904.570      1812.494    
  14.00000     0.9477870      10.52280      291.8750    -0.2136450E-10  0.000000      70774.40      2867.837    
  14.00000     -1.641190      1.839530      301.2550     0.4670830E-11  0.000000      409.9940      1224.127    
  14.00000     -6.423960      3.342420      297.2080    -0.2476300E-10  0.000000      49323.80      2452.978    
  14.00000      6.530350     0.5761890      298.0430    -0.2933060E-10  0.000000      45983.60      2287.933    
  14.00000     -5.267740     0.1424910      299.3750    -0.2484320E-10  0.000000      8393.830      2492.584    
  14.00000     -2.193720      8.541550      294.9500    -0.2935290E-11  0.000000      44932.90      3141.418    
  14.00000     -2.604620     0.2762970      301.1880    -0.3751500E-10  0.000000      34617.60      1003.405    
  14.00000     -1.268840      9.918810      292.9390     0.1618820E-10  0.000000      64372.60      2922.939    
  14.00000      7.029450      1.182620      297.3520     0.3647140E-10  0.000000      55307.80      2269.998    
  14.00000      10.42240     -6.263120      288.5100     0.3083640E-10  0.000000      80724.90      2919.655    
  14.00000    -0.6171100     -5.882190      298.7450     0.2200710E-10  0.000000      1327.750      2943.373    
  14.00000      14.74940      1.051470      281.6860    -0.1098370E-10  0.000000      83508.40      3490.412    
  14.00000      1.414540     -6.974410      297.3670     0.3336010E-10  0.000000      40954.40      2609.615    
  14.00000     -9.886820      1.906560      292.8120    -0.3856170E-10  0.000000      48787.20      3480.419    
  14.00000      3.797570     -5.053970      298.3080     0.3024640E-10  0.000000      67401.60      1750.419    
  14.00000      4.948360     -8.983750      292.4640    -0.2676010E-10  0.000000      58680.20      3202.492    
  14.00000      2.639730     -6.161450      297.8710     0.1879080E-10  0.000000      31371.70      2669.539    
  14.00000     -1.789190      7.248100      296.9160    -0.9080880E-11  0.000000      13149.50      3440.973    
  14.00000      4.656580     -3.571370      298.7930     0.4699100E-10  0.000000      4225.330      2863.079    
  14.00000     -3.259620      4.003890      299.4730     0.6800400E-11  0.000000      14021.40      2344.296    
  14.00000      5.237550      1.813260      299.1180    -0.3462490E-10  0.000000      48938.20      1872.638    
  14.00000     -3.918440     -6.428650      296.8330    -0.2659570E-10  0.000000      73945.20      1929.016    
  14.00000      4.858450    -0.9476350      299.6600     0.3334290E-10  0.000000      16309.00      2208.407    
  14.00000      1.065700      7.689480      296.5140     0.1874270E-10  0.000000      51962.10      2566.712    
  14.00000     0.9703380     -8.343300      295.5970     0.4466700E-10  0.000000      28878.80      3441.719    
  14.00000      5.910060      4.790500      296.7260     0.4075550E-10  0.000000      78852.00      1824.159    
  14.00000     -1.553100     0.2134960      301.5670    -0.3262230E-10  0.000000      8718.900      734.4542    
  14.00000      8.712760     -5.096140      292.7670    -0.7012670E-11  0.000000      50646.30      3425.409    
  14.00000      3.577060      1.435710      300.4970     0.4383930E-10  0.000000      2301.740      1894.503    
  14.00000     -2.842180      1.475170      300.8950     0.3647300E-10  0.000000      1859.250      1576.553    
  14.00000     -4.921450     -3.258400      298.7580     0.1354140E-10  0.000000      51754.40      1940.972    
  14.00000      3.345330      6.184640      297.4740    -0.2043420E-10  0.000000      58433.10      2164.378    
  14.00000     -4.680470     0.4628870      299.8670     0.3923870E-10  0.000000      3608.700      2296.094    
  14.00000     -3.447050     -2.253420      300.3150     0.4342370E-10  0.000000      2196.780      2026.845    
  14.00000     -1.195330     -7.161290      297.1840     0.1432690E-10  0.000000      18831.50      3204.517    
  14.00000     -9.372120      1.798600      293.7500     0.4559950E-10  0.000000      65925.50      2731.354    
  14.00000     -2.353720      6.591470      297.5140     0.1585110E-10  0.000000      14444.00      3188.995    
  14.00000      2.363570      1.145230      301.1850    -0.4186640E-10  0.000000      10531.50      1216.199    
  14.00000     -5.285160      8.844690      292.3760     0.2076210E-10  0.000000      52038.30      3452.217    
  14.00000     -6.763300      2.450530      297.2700    -0.2692910E-10  0.000000      36947.30      2735.734    
  14.00000     0.6577690      1.003810      301.6540     0.3808610E-10  0.000000      3511.190      582.8021    
  14.00000     0.2973510      1.543310      301.5660     0.2329770E-10  0.000000      5797.820      751.5495    
  14.00000     -7.039670     -8.864490      290.3510    -0.2651590E-10  0.000000      71545.80      3058.642    
  14.00000      4.611280      6.836220      295.8250    -0.1382630E-11  0.000000      44861.30      2930.726    
  14.00000      3.762930     -3.951990      299.2000    -0.1779140E-10  0.000000      32956.90      2134.671    
  14.00000      2.041960      7.552690      296.4300    -0.9510560E-12  0.000000      25817.40      3277.626    
  14.00000     -1.246070     -6.370940      298.1170    -0.3452420E-10  0.000000      8900.140      3072.523    
  14.00000      5.451470     -2.702200      298.5670     0.3171490E-10  0.000000      1684.380      3022.496    
  14.00000     -9.437690     0.3462670      293.9200     0.3128890E-10  0.000000      67677.50      2645.131    
  14.00000     -2.190420     -8.476830      295.0500    -0.1322830E-10  0.000000      37922.20      3325.776    
  14.00000     -6.311040      3.946490      296.9460     0.3434470E-10  0.000000      27997.80      3058.164    
  14.00000      9.577380      7.655550      288.2760     0.1617550E-10  0.000000      76534.00      3124.683    
  14.00000      5.047960     -5.922190      296.4890    -0.2642910E-10  0.000000      37193.40      2960.726    
  14.00000      3.216320      9.688170      292.5550     0.3940560E-10  0.000000      52908.30      3387.814    
  14.00000      1.693950      6.677630      297.6480    -0.2222000E-10  0.000000      70957.20      1829.465    
  14.00000     -8.623160     -6.827130      291.0150    -0.2362500E-10  0.000000      62191.80      3318.608    
  14.00000      6.890480    -0.8314780E-01  297.6460    -0.1530440E-10  0.000000      20766.20      2991.969    
  14.00000    -0.2084350     -10.14190      292.6740    -0.5533520E-11  0.000000      50733.50      3440.564    
  14.00000      5.545180     -1.062380      299.0170    -0.4093270E-10  0.000000      22412.50      2409.104    
  14.00000      3.186420    -0.6360760      300.8690    -0.3214500E-10  0.000000      9554.130      1516.770    
  14.00000      6.908930     0.9651890      297.5420    -0.2415180E-11  0.000000      44909.00      2463.912    
  14.00000      2.035090      3.332500      300.4640     0.4703730E-10  0.000000      41916.50      1404.628    
  14.00000     -7.441970      1.667070      296.7010    -0.3604340E-11  0.000000      25679.60      3195.532    
  14.00000      1.371160      4.749710      299.6660     0.6680170E-11  0.000000      31842.90      1949.267    
  14.00000     -2.279250      6.160780      298.0280     0.1322860E-11  0.000000      25935.50      2734.524    
  14.00000     0.3365100     -5.393790      299.2500    -0.3480460E-10  0.000000      47585.40      1849.547    
  14.00000      3.943880     -3.215660      299.5390     0.2656600E-10  0.000000      14837.80      2296.186    
  14.00000      6.147180      5.610420      295.7120     0.3497800E-10  0.000000      55365.50      2663.399    
  14.00000      3.768220     -6.956970      296.3070    -0.8136650E-11  0.000000      50575.10      2654.830    
  14.00000     -6.169590     -3.080160      297.6400     0.4746080E-10  0.000000      4354.730      3374.317    
  14.00000     -3.388790     -1.846340      300.4940     0.1925630E-10  0.000000      6430.150      1843.812    
  14.00000     0.4170450      2.789870      301.0930     0.4707090E-10  0.000000      41637.10      1015.226    
  14.00000     -7.567530     0.7891440      296.7250    -0.2659200E-10  0.000000      21257.60      3301.188    
  14.00000      3.010620     -7.517520      296.0410    -0.4438880E-10  0.000000      22066.30      3499.522    
  14.00000     -2.910550     -9.254140      293.4740     0.2751470E-10  0.000000      77704.40      2389.797    
  14.00000      3.903930     -2.339700      299.9890     0.1569710E-10  0.000000      1060.630      2259.671    
  14.00000     -8.542920    -0.4912720E-01  295.3790    -0.1192480E-10  0.000000      62646.90      2526.459    
  14.00000      3.067100      5.120570      298.6890     0.1538080E-11  0.000000      82817.60      1342.542    
  14.00000     -3.020060      5.522360      298.3390     0.2408350E-10  0.000000      31170.60      2507.009    
  14.00000     -5.385830     0.9836860      299.1830    -0.2931750E-10  0.000000      45983.10      1903.466    
  14.00000      7.011740      5.616900      294.6850     0.1785530E-10  0.000000      39197.80      3378.041    
  14.00000     -4.384670      4.393550      298.4340    -0.2031870E-10  0.000000      12191.00      2866.295    
  14.00000     0.8921560      13.26050      270.5030     -1.416700      0.000000      84041.30      3240.714    
  14.00000     -1.534950     -3.630620      300.4380     0.2133800E-10  0.000000      27430.60      1608.116    
  14.00000     -3.432310      3.222120      299.8640     0.2360410E-10  0.000000      27562.60      1922.216    
  14.00000     -2.687000     -5.393240      298.6290    -0.2791120E-10  0.000000      11827.70      2787.945    
  14.00000     -5.476630     0.1495880      299.1790     0.4066300E-10  0.000000      54657.90      1745.939    
  14.00000    -0.2719750     -7.601950      296.7280     0.1752250E-10  0.000000      64513.70      2191.497    
  14.00000     -9.115940     -2.102310      294.0710    -0.1866610E-10  0.000000      70422.50      2531.582    
  14.00000      1.209810     -9.337160      293.9690    -0.3312510E-10  0.000000      46645.40      3310.231    
  14.00000      3.432190      7.041040      296.4170     0.3824530E-10  0.000000      17879.80      3491.365    
  14.00000      6.406260      1.235630      298.0790    -0.3245810E-10  0.000000      11654.80      3028.091    
  14.00000      5.700310    -0.4612780      298.9440     0.2378910E-10  0.000000      5725.150      2760.048    
  14.00000      6.707530    -0.4076470      297.8510    -0.7035640E-11  0.000000      57598.60      2084.696    
  14.00000     -2.080290     0.1802350      301.4030     0.3794580E-10  0.000000      15826.00      929.5410    
  14.00000     0.2332380      6.854740      297.6850     0.3771580E-10  0.000000      3034.050      3386.117    
  14.00000      4.176470      1.093910      300.1700    -0.4386140E-10  0.000000      10643.80      2004.364    
  14.00000     -7.344060      2.920680      296.3190     0.4528650E-10  0.000000      65897.90      2243.199    
  14.00000     -4.148660      4.578630      298.4650     0.1132960E-10  0.000000      14251.00      2810.179    
  14.00000      10.54390     -1.866110      291.5970    -0.9827860E-12  0.000000      57188.30      3408.148    
  14.00000     -2.223560     -7.450030      296.4980     0.4345730E-10  0.000000      66293.10      2194.964    
  14.00000      11.13690      8.829560      283.3230    -0.3536050E-12  0.000000      82920.50      3364.920    
  14.00000      1.731420      6.347930      298.0150     0.2184600E-10  0.000000      6041.340      3178.437    
  14.00000     -10.05810     -1.932460      292.4910    -0.3217740E-10  0.000000      60683.40      3127.569    
  14.00000      6.010500      9.404720      290.6810    -0.3876000E-10  0.000000      59904.40      3459.411    
  14.00000    -0.7585950    -0.2381440      301.7240     0.4332930E-10  0.000000      17630.30      348.8179    
  14.00000      2.080440      1.032030      301.3140     0.1252190E-10  0.000000      82266.80      522.0478    
  14.00000     -3.108590      4.702800      299.0250    -0.3231810E-10  0.000000      9957.700      2640.136    
  14.00000     -1.467630      4.560520      299.7950     0.1125870E-10  0.000000      63893.00      1376.027    
  14.00000     -10.95090     0.1083650      291.1110    -0.6998290E-11  0.000000      83282.50      2509.876    
  14.00000     -3.041670      5.693730      298.1580     0.1923560E-10  0.000000      6432.460      3108.302    
  14.00000     0.1244530E-02  7.880380      296.3510    -0.2759000E-10  0.000000      36475.10      3018.783    
  14.00000      3.756810     -1.446550      300.3810     0.2130440E-10  0.000000      43404.60      1428.583    
  14.00000     0.3821930     -7.537080      296.8080     0.3437630E-10  0.000000      16184.40      3402.451    
  14.00000      6.964810      5.144410      295.2010     0.1769890E-10  0.000000      51922.10      2876.784    
  14.00000     -1.055140     -5.856660      298.7070     0.1258840E-10  0.000000      31607.50      2358.658    
  14.00000      2.595610     -2.045180      300.8380     0.6990140E-11  0.000000      44474.30      1159.140    
  14.00000      1.601530      1.076350      301.4580     0.4454260E-10  0.000000      4006.470      934.4977    
  14.00000      2.273910     -4.724280      299.4000     0.4335850E-10  0.000000      2190.200      2588.420    
  14.00000     0.4293530     -1.772400      301.4920     0.5367120E-11  0.000000      26146.60      749.1636    
  14.00000     -5.248780     -2.968470      298.6240     0.4142300E-10  0.000000      2062.870      2987.263    
  14.00000     -3.396540     -5.929170      297.7160     0.1476230E-10  0.000000      39073.60      2545.962    
  14.00000      3.795330      4.152210      299.0370     0.3420530E-10  0.000000      40996.80      2050.546    
  14.00000      4.360170      10.84170      289.5680    -0.3850310E-10  0.000000      72092.40      3143.987    
  14.00000      3.161570    -0.2584110      300.9120     0.4186880E-10  0.000000      3807.760      1541.109    
  14.00000      1.162410    -0.4142230      301.6470    -0.1339920E-10  0.000000      7969.930      581.0312    
  14.00000      3.414250      5.949460      297.6840    -0.3207890E-10  0.000000      9931.600      3227.596    
  14.00000      10.79220     -2.569280      290.8200     0.1553230E-10  0.000000      64302.70      3269.067    
  14.00000     -1.234030      4.628350      299.7960     0.1674570E-10  0.000000      1111.420      2378.890    
  14.00000     -6.774850      1.471670      297.5950    -0.4728500E-10  0.000000      10995.40      3238.287    
  14.00000     -1.467360    -0.2445080      301.5880     0.1198570E-10  0.000000      63952.70      424.4308    
  14.00000     -2.012870     -4.990790      299.2720     0.4724950E-10  0.000000      4260.720      2620.638    
  14.00000      4.101600     0.3149400      300.3180     0.5422520E-11  0.000000      457.2780      2048.395    
  14.00000      1.520830     -4.860640      299.5350     0.3802050E-10  0.000000      4909.950      2466.974    
  14.00000     0.4222940     -2.452990      301.2450     0.3658900E-10  0.000000      16884.40      1099.884    
  14.00000     -6.747850     -2.777540      297.1370    -0.1484980E-10  0.000000      50006.90      2455.646    
  14.00000     -3.707360      5.395420      298.0540     0.1638720E-10  0.000000      6650.650      3148.487    
  14.00000      5.160180     0.5866650      299.4450    -0.3778800E-10  0.000000      23835.30      2188.137    
  14.00000     0.8473300     -2.125390      301.3280     0.1468850E-10  0.000000      31527.10      899.5976    
  14.00000      2.502960      8.030700      295.5790     0.2192070E-10  0.000000      27469.20      3487.034    
  14.00000      5.417860     0.1682640      299.2350     0.7765840E-11  0.000000      38792.60      2014.459    
  14.00000    -0.7722130    -0.2485370      301.7210     0.2147970E-10  0.000000      43374.70      286.6786    
  14.00000     -8.764380      7.582530      289.7770    -0.1154190E-11  0.000000      75809.80      2967.122    
  14.00000      4.468420     -2.117900      299.6640     0.4341300E-10  0.000000      17409.50      2187.950    
  14.00000     -1.492480      8.383950      295.4210     0.4716310E-10  0.000000      28593.60      3499.641    
  14.00000     -2.119230      5.038750      299.1910     0.3810060E-10  0.000000      15810.10      2451.673    
  14.00000     -1.490440     -7.907990      296.1140     0.9328980E-11  0.000000      26367.40      3359.849    
  14.00000      3.638000      2.029420      300.2810     0.1635650E-10  0.000000      18720.30      1821.228    
  14.00000    -0.7496240      3.392240      300.7380     0.3079250E-10  0.000000      5233.550      1672.320    
  14.00000     -7.159570    -0.6121250E-01  297.3130     0.2294620E-10  0.000000      68583.00      1960.668    
  14.00000      3.406750      5.391540      298.2460     0.3670840E-10  0.000000      3178.180      3139.626    
  14.00000    -0.1417230      4.956390      299.6530    -0.2310670E-10  0.000000      21126.80      2132.490    
  14.00000     -1.371850      12.13890      288.3800     0.3046500E-10  0.000000      67467.60      3496.186    
  14.00000     -4.118530      4.812700      298.2940    -0.3222600E-10  0.000000      9536.670      2982.789    
  14.00000     -2.774890     -6.742770      297.1440     0.7068060E-12  0.000000      25903.50      3045.126    
  14.00000      4.324040     -3.417210      299.1480    -0.1079200E-10  0.000000      70012.60      1473.639    
  14.00000      7.585410     -3.696910      295.5390    -0.3473180E-10  0.000000      61759.40      2519.479    
  14.00000      1.220500     -4.082130      300.2120    -0.3336230E-10  0.000000      10043.00      1986.303    
  14.00000     -8.425820     0.1703940      295.5550     0.3808030E-10  0.000000      42324.10      3070.302    
  14.00000      5.129960      5.183970      297.1420     0.3945950E-10  0.000000      15652.40      3297.471    
  14.00000      7.423580     -1.062590      296.8720    -0.3928310E-10  0.000000      47842.70      2580.581    
  14.00000     -10.71160     -3.597640      290.3940    -0.2199410E-10  0.000000      70907.20      3077.607    
  14.00000     -1.753380      6.272920      298.0920    -0.3414020E-10  0.000000      9154.110      3077.507    
  14.00000    -0.8763120     -7.692540      296.5430    -0.3363120E-10  0.000000      60270.00      2342.716    
  14.00000    -0.9201590     0.4491700      301.6880    -0.4010730E-10  0.000000      22469.80      432.8407    
  14.00000     -4.067830      2.200510      299.9310     0.2172890E-10  0.000000      6061.640      2219.501    
  14.00000     -1.211420      7.551420      296.6720     0.2273050E-10  0.000000      43174.00      2753.891    
  14.00000      1.214860     -4.422460      299.9620    -0.1313530E-10  0.000000      7959.950      2171.730    
  14.00000     -7.220540     -5.734160      294.2970    -0.7928650E-11  0.000000      50588.90      3114.594    
  14.00000      7.705430     -7.612350      291.3510    -0.4348200E-10  0.000000      59425.60      3367.269    
  14.00000     -4.857440      1.382420      299.5730    -0.1241980E-10  0.000000      12887.40      2311.502    
  14.00000      6.155120     0.1037140      298.4900     0.1315970E-10  0.000000      924.5150      3074.501    
  14.00000      1.866650      7.118200      297.0570    -0.3396930E-10  0.000000      23414.00      3135.868    
  14.00000     -4.640540     -7.168230      295.3850     0.1567080E-10  0.000000      31489.70      3425.985    
  14.00000      6.986570     -2.750860      296.8590    -0.2714350E-10  0.000000      36698.00      2865.811    
  14.00000    -0.7398030      4.957110      299.6060     0.3206890E-10  0.000000      15036.80      2257.755    
  14.00000     -1.608880      1.515150      301.3580    -0.2522650E-10  0.000000      45820.40      764.0038    
  14.00000      8.995230      1.597110      294.4370    -0.4202920E-10  0.000000      59285.10      2814.739    
  14.00000     -4.043330      3.429560      299.3460     0.3602600E-10  0.000000      4997.830      2568.234    
  14.00000      2.664630      7.492070      296.2500     0.1525670E-10  0.000000      68882.00      2177.335    
  14.00000      5.465680     -7.234520      294.5500    -0.3193230E-10  0.000000      46872.20      3174.564    
  14.00000      5.362870     -2.190280      298.8700    -0.3194460E-10  0.000000      60644.40      1731.951    
  14.00000     -4.332330      6.878680      295.9960    -0.3292130E-10  0.000000      23270.50      3480.522    
  14.00000     -2.930420    -0.9660340      300.9590     0.4524120E-10  0.000000      28841.90      1242.158    
  14.00000      1.559940      4.153570      300.0790    -0.3537540E-10  0.000000      24377.50      1857.401    
  14.00000     -1.438160     -4.687060      299.7010     0.1885600E-10  0.000000      27226.90      2008.416    
  14.00000      5.697180      2.079260      298.5880     0.3949880E-10  0.000000      4844.450      2948.316    
  14.00000      5.004660    -0.6517830E-01  299.6120     0.4405250E-10  0.000000      4631.460      2428.414    
  14.00000      5.677820      3.294500      298.0330     0.2091080E-10  0.000000      52043.80      2157.559    
  14.00000     -7.795600      7.104950      291.9090    -0.2486800E-10  0.000000      71414.30      2839.549    
  14.00000      6.268150     0.4267120      298.3510    -0.5782860E-11  0.000000      50719.20      2090.649    
  14.00000      6.315370    -0.1117920      298.3140     0.3670550E-10  0.000000      3178.890      3108.721    
  14.00000      8.625610    -0.4920730      295.2310     0.3275770E-10  0.000000      40923.30      3192.019    
  14.00000     -3.294790     -5.379810      298.3230     0.3875080E-10  0.000000      17039.00      2811.695    
  14.00000     -4.535520      1.652980      299.7640     0.1183950E-10  0.000000      51677.20      1583.373    
  14.00000     -2.286030      7.572290      296.3100     0.4695920E-10  0.000000      28697.60      3238.103    
  14.00000      5.690060      4.209690      297.4150     0.8222160E-11  0.000000      19220.60      3112.346    
  14.00000      10.13990    -0.2079720      292.6770     0.6115830E-11  0.000000      51378.60      3417.492    
  14.00000      13.49140     0.2466150      285.2540     0.3017940E-10  0.000000      80453.20      3289.841    
  14.00000     -8.660200      4.982220      292.9550     0.3155210E-10  0.000000      80182.50      2381.089    
  14.00000      5.004920     -4.841600      297.5570     0.3290030E-10  0.000000      1727.420      3469.910    
  14.00000      3.510670     0.7301280E-01  300.7160    -0.2430250E-10  0.000000      33893.80      1355.760    
  14.00000      2.601140      4.364340      299.5460     0.1461920E-10  0.000000      26802.40      2089.591    
  14.00000     -5.207250     -3.066460      160.5910     -103.0320      0.000000      84602.10      2460.933    
  14.00000     -4.015620      9.692450      292.0180    -0.5429460E-11  0.000000      69769.80      2882.440    
  14.00000      2.323970     -2.585640      300.7370     0.4011790E-10  0.000000      3677.240      1691.504    
  14.00000      3.518940     -7.881140      295.2440     0.2667950E-10  0.000000      42818.40      3133.312    
  14.00000      2.694710     -2.445900      300.6370    -0.1440080E-11  0.000000      32199.40      1425.978    
  14.00000     -8.003920     0.7638290      296.1240    -0.1779740E-10  0.000000      49738.90      2722.264    
  14.00000      8.290510      2.952480      294.9790    -0.1630730E-10  0.000000      49871.50      2987.284    
  14.00000      7.791410     0.4508400      296.4570     0.1400770E-10  0.000000      31553.00      3118.202    
  14.00000     -2.192300     -5.283800      298.9430    -0.2978610E-10  0.000000      11755.40      2645.439    
  14.00000      10.91890      1.417790      290.9900    -0.3938830E-10  0.000000      59860.90      3410.709    
  14.00000     -3.082640     0.1936980      300.9570    -0.3487730E-10  0.000000      35951.70      1170.477    
  14.00000     0.5042980      1.749910      301.4930    -0.1709640E-10  0.000000      12457.60      830.8057    
  14.00000     -3.795610      4.118090      299.0620    -0.3631000E-10  0.000000      47674.50      1916.229    
  14.00000     0.7416760     0.5723910      301.7030     0.4317170E-10  0.000000      79005.00      220.4575    
  14.00000     -4.705850      1.589070      299.6460     0.5468550E-11  0.000000      19400.50      2164.807    
  14.00000     -4.566140     -3.000180      299.1940     0.1559220E-10  0.000000      26900.40      2247.921    
  14.00000     -7.422370     0.4294620      296.9570    -0.2764160E-10  0.000000      36458.30      2842.695    
  14.00000     -5.402270     0.2780540      299.2450     0.4346350E-10  0.000000      41435.90      1962.502    
  14.00000    -0.7314790      4.150640      300.2460     0.2540970E-10  0.000000      42894.30      1503.460    
  14.00000      1.681080     -1.675050      301.2940    -0.3702690E-10  0.000000      24300.00      990.0776    
  14.00000      3.202180     -4.429640      299.1920     0.1252870E-10  0.000000      76385.10      1344.852    
  14.00000      2.130460      1.803190      301.1080    -0.1447450E-11  0.000000      57218.20      860.0409    
  14.00000      4.608100     -7.217510      295.3490     0.3876500E-10  0.000000      52773.60      2818.907    
  14.00000    -0.7206770     -8.018380      296.1090    -0.3910570E-10  0.000000      59147.60      2470.123    
  14.00000     -1.679490      1.486910      301.3450     0.2874580E-10  0.000000      14916.00      1005.524    
  14.00000     -6.453210     -1.452760      297.9750     0.1532140E-10  0.000000      14423.40      3009.649    
  14.00000     -2.435010     -5.694130      298.4500     0.4853230E-11  0.000000      56811.80      1933.684    
  14.00000      6.334120     -4.052040      296.8450     0.1235150E-10  0.000000      26589.50      3126.084    
  14.00000      4.658150     -3.454810      298.8630    -0.1492510E-10  0.000000      37852.70      2176.238    
  14.00000     -4.144410      6.242280      296.8800     0.4007560E-10  0.000000      17805.00      3336.405    
  14.00000      3.990450     -2.697510      299.7730     0.1393680E-10  0.000000      968.3040      2394.597    
  14.00000      2.529760      4.385470      299.5620    -0.2581520E-10  0.000000      45843.10      1760.325    
  14.00000      2.351400      5.727540      298.4510    -0.2704690E-10  0.000000      36805.90      2348.236    
  14.00000      1.299140      5.870310      298.6430     0.1253030E-10  0.000000      51709.40      1978.808    
  14.00000     -2.014120     -9.103170      294.1250    -0.4691340E-10  0.000000      72514.20      2456.185    
  14.00000    -0.2031490      4.009120      300.3880    -0.3430370E-10  0.000000      60955.90      1189.949    
  14.00000     -6.975660    -0.7900380      297.4870     0.2234740E-10  0.000000      43232.10      2519.566    
  14.00000     -11.75820     -4.987220      287.0660     0.3280470E-10  0.000000      78405.30      3185.392    
  14.00000      1.625410      6.930880      297.3640     0.2343670E-10  0.000000      5776.540      3452.723    
  14.00000     0.4522070      4.293040      300.1700     0.1204780E-10  0.000000      26563.30      1775.162    
  14.00000    -0.2765900     -1.839880      301.4800    -0.2954280E-11  0.000000      63095.20      536.3243    
  14.00000      2.111490      5.053770      299.1810     0.1367850E-10  0.000000      6789.840      2621.761    
  14.00000      7.100810      10.06710      288.1410    -0.2167280E-10  0.000000      70837.80      3384.566    
  14.00000     0.6823170     0.5687110      301.7100    -0.3652890E-10  0.000000      35875.40      335.9889    
  14.00000      3.597700      10.58430      290.6450    -0.7446550E-11  0.000000      69861.00      3082.375    
  14.00000     0.4355100     -5.626410      299.0200     0.3630160E-10  0.000000      54330.30      1805.522    
  14.00000     0.3240770      7.726760      296.5550    -0.3455790E-10  0.000000      23481.90      3299.336    
  14.00000      5.432700     -1.993700      298.8760    -0.9266220E-11  0.000000      13136.80      2650.008    
  14.00000      1.746550      5.266680      299.1120     0.3094720E-10  0.000000      29952.90      2226.953    
  14.00000      1.260380     -6.792490      297.6250     0.3786130E-10  0.000000      29253.40      2802.755    
  14.00000     -6.955060     -2.063310      297.1920     0.4125150E-10  0.000000      17753.50      3228.228    
  14.00000     -2.334340      3.229810      300.4090    -0.1384600E-11  0.000000      63177.90      1151.738    
  14.00000     -4.274170      4.105960      298.7320    -0.3000730E-10  0.000000      73555.00      1516.668    
  14.00000     -4.220690     -6.013430      297.0720    -0.3765320E-10  0.000000      11461.40      3426.160    
  14.00000      4.361950     -7.132050      295.6560     0.4192970E-10  0.000000      78922.60      2009.837    
  14.00000     -10.80480     0.5129030      291.3800     0.1712640E-10  0.000000      76573.00      2725.847    
  14.00000     -2.748100     -2.420670      300.6220    -0.5354860E-11  0.000000      20094.90      1582.513    
  14.00000      5.815050    -0.2879600      298.8400     0.1936080E-10  0.000000      31350.20      2311.605    
  14.00000      5.091810     -2.901090      298.8010     0.3478060E-10  0.000000      16745.10      2613.481    
  14.00000      6.226460      1.507530      298.2140     0.2710710E-11  0.000000      281.1320      3216.325    
  14.00000      6.200740      9.768680      289.8180     0.3669950E-10  0.000000      66668.90      3326.853    
  14.00000     -5.495790    -0.7594580      299.1130     0.2169560E-10  0.000000      27454.80      2272.997    
  14.00000     -6.651870      8.260780      291.7960     0.1696610E-11  0.000000      63340.60      3149.845    
  14.00000    -0.8604330     -2.102620      301.3340    -0.3264760E-10  0.000000      9988.180      1055.598    
  14.00000      2.062380    -0.5469070      301.3870    -0.4439700E-10  0.000000      10675.50      986.3450    
  14.00000     -3.238180      5.529110      298.2120     0.3547090E-11  0.000000      337.5090      3215.739    
  14.00000      1.658130      3.090850      300.7180    -0.3378570E-10  0.000000      60896.70      1039.287    
  14.00000     -7.329120      3.456340      296.0340    -0.3280310E-10  0.000000      46707.60      2827.384    
  14.00000      6.875700    -0.8315120      297.6040     0.7679790E-11  0.000000      596.5590      3476.895    
  14.00000    -0.3468210     -6.164980      298.4690     0.2146140E-10  0.000000      18499.10      2720.491    
  14.00000     -6.665340      4.956530      295.7360     0.4231160E-10  0.000000      54815.20      2673.431    
  14.00000      5.000530      5.228020      297.2170    -0.3228440E-10  0.000000      9524.370      3419.273    
  14.00000     -5.234260      4.154060      297.8960     0.3792030E-10  0.000000      78691.90      1599.569    
  14.00000     -7.340460     0.7281700      297.0340     0.3770650E-10  0.000000      52699.70      2416.338    
  14.00000     -11.46060      2.194510      289.6050     0.4442370E-10  0.000000      79286.50      2849.200    
  14.00000     -4.251160     0.2427160      300.2140     0.2777820E-10  0.000000      39800.80      1563.010    
  14.00000     -1.672970     -6.209120      298.1860    -0.8922680E-11  0.000000      25407.90      2686.900    
  14.00000     -1.322800     -3.362180      300.6530     0.3226420E-10  0.000000      53968.80      1154.036    
  14.00000      2.806740     -1.980820      300.7620     0.1191650E-10  0.000000      56347.30      1069.707    
  14.00000      4.899330      3.073620      298.8790    -0.2780200E-10  0.000000      36417.20      2197.956    
  14.00000     -5.797230     -1.575380      298.6480    -0.9089380E-11  0.000000      7803.700      2860.357    
  14.00000     0.6272600      1.138750      301.6330     0.4075590E-10  0.000000      2719.540      634.7989    
  14.00000     0.9641400     -2.796070      301.0250     0.1788850E-10  0.000000      56019.80      923.3739    
  14.00000     -5.568810      2.054550      298.7230    -0.3366020E-10  0.000000      60882.00      1770.804    
  14.00000      13.44890     -5.445590      282.4870     0.5253580E-11  0.000000      82616.80      3461.047    
  14.00000      4.054280     -5.243190      297.9600     0.3271680E-10  0.000000      16481.20      2969.999    
  14.00000      4.581680      3.937310      298.6130    -0.3226410E-10  0.000000      58884.70      1843.294    
  14.00000      4.552360     -4.395130      298.3010    -0.2198570E-10  0.000000      24880.10      2654.147    
  14.00000      2.631830     0.1852820      301.1790     0.3810640E-10  0.000000      1921.860      1297.172    
  14.00000      3.487270      6.183410      297.3890    -0.3414200E-10  0.000000      22892.40      3034.192    
  14.00000      4.400680      5.927680      297.0260     0.4036950E-10  0.000000      17154.50      3301.901    
  14.00000     -5.298380     0.7875210      299.2950    -0.3327730E-10  0.000000      10037.20      2504.963    
  14.00000      6.291540     -9.516120      290.1650     0.7965390E-11  0.000000      63677.40      3393.790    
  14.00000     -3.976900     -1.903750      300.1000     0.4739870E-10  0.000000      4293.400      2140.727    
  14.00000     -2.519050      3.337120      300.2700     0.1558340E-10  0.000000      14433.70      1887.709    
  14.00000      4.586010     -2.782970      299.2880     0.3739660E-10  0.000000      3073.050      2633.483    
  14.00000     -5.426740      4.004590      297.8220    -0.4814820E-10  0.000000      35274.80      2598.018    
  14.00000      6.327210     -2.853600      297.5850     0.3669840E-10  0.000000      28086.80      2843.530    
  14.00000      2.617620     -1.491350      300.9970     0.2233800E-10  0.000000      14685.80      1354.347    
  14.00000     -6.626970     0.9456790      297.8820    -0.2431910E-10  0.000000      8374.320      3182.660    
  14.00000      10.01470      3.935640      291.4930    -0.1990170E-10  0.000000      70540.60      2933.191    
  14.00000      1.644950      4.989480      299.3900     0.2368950E-10  0.000000      27566.80      2148.437    
  14.00000     -4.430430      4.889150      297.9940     0.3280500E-10  0.000000      1723.960      3282.996    
  14.00000      5.594550     0.5937510      299.0370    -0.3589670E-10  0.000000      47650.40      1925.567    
  14.00000      1.394350      2.724490      300.9720     0.3818580E-10  0.000000      15288.80      1369.870    
  14.00000      4.223310     -2.768590      299.5730     0.3841380E-10  0.000000      42310.50      1815.319    
  14.00000      4.078410      2.890060      299.6180     0.4591090E-10  0.000000      28794.60      2022.094    
  14.00000     -6.000120     0.4523300      298.6380    -0.3181600E-11  0.000000      25701.50      2504.444    
  14.00000     0.5877930     -2.286930      301.2990    -0.3532860E-10  0.000000      10168.50      1095.850    
  14.00000      1.298300      8.423090      295.4110    -0.3664360E-10  0.000000      61222.50      2561.217    
  14.00000     -1.154200      7.023160      297.3660     0.1385910E-10  0.000000      56226.20      2244.449    
  14.00000      1.291240     -5.047830      299.4300    -0.3254580E-10  0.000000      23084.10      2208.456    
  14.00000     0.4157260     -2.634200      301.1660     0.4267740E-10  0.000000      2136.520      1309.321    
  14.00000      1.209510     -3.565480      300.5560    -0.2222980E-10  0.000000      12075.80      1727.767    
  14.00000      1.709010      8.770250      294.7640    -0.3877610E-10  0.000000      34669.30      3496.031    
  14.00000     -3.283460      2.827750      300.1580     0.4199000E-10  0.000000      17277.30      1916.071    
  14.00000      5.501810      5.423640      296.5660     0.4052540E-10  0.000000      17165.90      3460.379    
  14.00000     -3.142080     -2.230500      300.4980     0.2264620E-10  0.000000      5903.620      1847.747    
  14.00000      2.603230      1.968600      300.8610    -0.1108630E-10  0.000000      13000.90      1486.180    
  14.00000     -4.370170     -7.603620      295.0270    -0.3521790E-10  0.000000      60149.90      2670.902    
  14.00000     -1.881320     -5.667830      298.6850     0.1788850E-10  0.000000      14521.90      2708.748    
  14.00000      4.055420     -1.266460      300.2210     0.1854360E-10  0.000000      43823.40      1502.556    
  14.00000     -1.654050     -2.300950      301.0870     0.1047920E-10  0.000000      19073.30      1232.256    
  14.00000      2.462990     -5.023600      299.0670     0.2726150E-10  0.000000      5414.130      2704.890    
  14.00000    -0.9588010     -10.70660      291.5140    -0.7870130E-11  0.000000      57657.90      3405.073    
  14.00000     -4.352010      5.453920      297.5400    -0.4578950E-10  0.000000      10764.70      3265.146    
  14.00000      4.840440      4.130870      298.2620    -0.4919660E-11  0.000000      13394.20      2914.514    
  14.00000     -4.608960     -2.199390      299.5230    -0.3441340E-10  0.000000      10112.10      2385.077    
  14.00000     0.4787120      5.894800      298.7460    -0.2714550E-10  0.000000      36696.20      2243.049    
  14.00000      1.166390     -2.082180      301.2880    -0.3857630E-10  0.000000      22573.90      1009.391    
  14.00000      7.421040     -4.843520      294.8810     0.2873340E-10  0.000000      42715.40      3224.130    
  14.00000     -5.368840     -4.477090      297.5240    -0.7274710E-11  0.000000      38165.90      2627.653    
  14.00000      1.138540    -0.2124660      301.6630    -0.3339690E-10  0.000000      9308.050      540.1680    
  14.00000      7.368360     -3.014070      296.2370    -0.2699270E-10  0.000000      36875.00      3040.089    
  14.00000     -2.504530    -0.5265690      301.2150     0.4322400E-10  0.000000      41424.10      922.5197    
  14.00000      2.870730     -7.162140      296.5790     0.3115930E-10  0.000000      40836.60      2840.085    
  14.00000     -1.600310      3.510440      300.4950     0.3156250E-10  0.000000      40858.90      1401.243    
  14.00000     -3.976000     -3.577950      299.3020    -0.1756190E-10  0.000000      25043.60      2233.110    
  14.00000      7.501420      1.358800      296.7050     0.3731270E-10  0.000000      65538.70      2170.136    
  14.00000     -2.014450     0.4663240      301.4100     0.2333080E-12  0.000000      25878.90      851.4904    
  14.00000     -2.241580    -0.5527480      301.3200     0.3385830E-10  0.000000      16243.10      1024.850    
  14.00000     -12.43270      1.151930      287.7510     0.3320440E-10  0.000000      80056.70      3034.945    
  14.00000      5.694770     -3.301900      298.0120     0.3594770E-10  0.000000      16023.70      2959.398    
  14.00000     -2.979190      4.243400      299.4530    -0.2218800E-10  0.000000      21091.00      2231.955    
  14.00000     -3.803770     -9.075310      293.2270    -0.3166090E-10  0.000000      73466.50      2568.339    
  14.00000     -10.54060      1.430950      291.7350    -0.3040080E-10  0.000000      58815.70      3324.776    
  14.00000      2.079240     -4.603610      299.5720    -0.3430350E-10  0.000000      8856.480      2379.962    
  14.00000      2.551340     -6.166440      297.9060     0.1981460E-10  0.000000      1242.590      3332.320    
  14.00000     -7.067400      4.347960      295.7490    -0.1348120E-10  0.000000      83675.70      1860.846    
  14.00000      11.78810     -6.848560      284.8890     0.3032540E-10  0.000000      80549.90      3323.476    
  14.00000      2.811940     0.6820170E-01  301.0970    -0.4125570E-10  0.000000      22389.50      1192.103    
  14.00000     -7.481270      1.592200      296.6710    -0.2830220E-10  0.000000      34217.60      2985.122    
  14.00000    -0.3165850      9.754350      293.3710    -0.2798890E-11  0.000000      69650.70      2672.956    
  14.00000     0.3461100      1.067060      301.6700     0.6505280E-12  0.000000      7380.280      530.3448    
  14.00000    -0.3912360     0.5678540      301.7370     0.2015910E-10  0.000000      1256.090      339.9356    
  14.00000      2.542270      6.821360      297.1590    -0.4801180E-10  0.000000      35116.70      2814.373    
  14.00000     -1.790770      1.899670      301.1920    -0.3262700E-10  0.000000      23065.30      1100.244    
  14.00000     -3.096500     -3.764620      299.7250    -0.4596060E-10  0.000000      48415.30      1652.094    
  14.00000     -2.705650    -0.5673850      301.1210     0.1080790E-10  0.000000      44296.50      970.4321    
  14.00000    -0.5629300      1.860050      301.4530     0.3313510E-10  0.000000      5126.270      933.9528    
  14.00000      8.353110     0.3361250      295.6560     0.1684030E-10  0.000000      43975.20      2997.922    
  14.00000      10.57190      1.271440      291.7140    -0.2592870E-10  0.000000      62106.20      3208.281    
  14.00000    -0.9984990E-01  1.970770      301.4430     0.1956050E-10  0.000000      18574.90      860.3313    
  14.00000     -3.893180      8.294340      294.3930    -0.3492530E-10  0.000000      61025.50      2769.211    
  14.00000     -3.770870     0.2728150      301.3030    -0.4101820E-01  0.000000      83983.00      828.3760    
  14.00000     -7.073040     -5.568510      294.6560    -0.2704980E-10  0.000000      36802.20      3458.296    
  14.00000      5.814700     0.8025010E-01  298.8470     0.4584430E-10  0.000000      28469.90      2364.850    
  14.00000     -2.530990      2.201350      300.8090     0.1470680E-10  0.000000      26811.10      1373.703    
  14.00000     0.4797010     0.4065230      301.7440     0.4575090E-10  0.000000      4103.690      304.0253    
  14.00000      4.589550    -0.9373200      299.8830    -0.2286040E-10  0.000000      33631.50      1817.720    
  14.00000      6.812010      8.185860      291.7110     0.1059470E-10  0.000000      69065.50      2954.677    
  14.00000      6.847200      3.652340      296.5180     0.3440780E-10  0.000000      16713.40      3488.344    
  14.00000     -10.00910     -2.992050      292.1040     0.5144780E-11  0.000000      69292.10      2886.419    
  14.00000     -7.658170     0.8484110      296.5940     0.2831170E-10  0.000000      42735.10      2786.565    
  14.00000      1.969530      1.935620      301.1220    -0.1570310E-10  0.000000      12586.00      1260.166    
  14.00000     -5.827220      4.326930      297.1870    -0.3219400E-10  0.000000      21461.20      3139.225    
  14.00000      6.739880    -0.5958470E-01  297.8270    -0.3634220E-10  0.000000      23674.60      2858.879    
  14.00000     -13.23530    -0.7821950      285.8580    -0.2056080E-11  0.000000      83013.10      3106.922    
  14.00000     -2.771000     -1.809080      300.8350    -0.3735220E-10  0.000000      10284.70      1536.904    
  14.00000     -5.690600      5.177290      296.6100    -0.2159250E-10  0.000000      49472.70      2607.428    
  14.00000     -3.141220     -1.804210      300.6470    -0.4365110E-10  0.000000      35549.10      1379.017    
  14.00000      6.193360     -3.974720      297.0560    -0.3462520E-10  0.000000      8957.380      3494.104    
  14.00000      2.658830      5.164190      298.8540     0.3233860E-10  0.000000      1707.010      2882.191    
  14.00000     -5.764490     -5.802330      295.9240    -0.3269540E-10  0.000000      58900.70      2517.886    
  14.00000     -7.268160     0.8696210      297.1070     0.4211120E-10  0.000000      55034.10      2339.730    
  14.00000     -7.659010     0.7113310      296.6120     0.2020390E-10  0.000000      31318.30      3077.746    
  14.00000      1.577460     0.6785590      301.5250    -0.4306270E-10  0.000000      48060.40      580.5557    
  14.00000      3.406230      1.507530      300.5820     0.2651780E-11  0.000000      277.0420      1855.422    
  14.00000     -3.226440      3.545370      299.7930     0.4623410E-10  0.000000      4146.510      2332.202    
  14.00000    -0.6087030      9.903390      293.0800     0.4097640E-10  0.000000      54683.90      3226.880    
  14.00000     -7.537470      2.681390      296.1820    -0.9019550E-11  0.000000      62781.20      2355.877    
  14.00000      3.837210      6.213430      297.1300    -0.3776100E-10  0.000000      11457.30      3405.074    
  14.00000      7.481640      4.312200      295.2370     0.2293910E-10  0.000000      39411.10      3234.617    
  14.00000      6.162670      1.718720      298.2230     0.3178710E-10  0.000000      30178.40      2570.562    
  14.00000      5.314480     -7.275040      294.6440     0.3806990E-10  0.000000      53133.60      2961.918    
  14.00000      6.475420     -1.471900      297.9450     0.1900510E-10  0.000000      27240.90      2736.055    
  14.00000      5.897890      1.526230      298.5580     0.4361700E-10  0.000000      17602.30      2701.615    
  14.00000      3.875890     -2.664850      299.8670     0.1692000E-10  0.000000      43969.30      1663.161    
  14.00000      3.732780      2.610680      299.9860    -0.2100710E-10  0.000000      33273.30      1772.438    
  14.00000      3.034840     -5.392110      298.4560     0.2796220E-10  0.000000      5373.740      2998.346    
  14.00000     -6.067980     -4.303960      296.9510     0.3234170E-10  0.000000      53981.00      2405.522    
  14.00000     -12.97420     0.3976960      286.5560     0.3825990E-11  0.000000      82693.50      3048.822    
  14.00000     -2.270900     -5.267510      298.9270    -0.2342610E-10  0.000000      21139.10      2472.738    
  14.00000     -5.329790      1.348400      299.1610    -0.3433720E-10  0.000000      48949.10      1857.023    
  14.00000     -10.33970     0.3859650E-03  292.3080     0.4452910E-10  0.000000      79141.20      2506.461    
  14.00000      6.874100     -9.530240      289.4260    -0.3901600E-10  0.000000      72114.10      3162.166    
  14.00000     -1.489650      10.34700      292.0900    -0.4329160E-10  0.000000      72301.50      2780.771    
  14.00000     -4.127170     -1.942760      299.9810     0.2815510E-10  0.000000      40499.80      1665.079    
  14.00000      1.544300     -2.817790      300.8890    -0.3092880E-10  0.000000      8633.860      1509.663    
  14.00000    -0.7558990     -7.518370      296.7960    -0.3574100E-10  0.000000      61116.80      2262.921    
  14.00000     -6.617360     -2.963300      297.1970    -0.6628800E-11  0.000000      69824.00      1956.012    
  14.00000     -1.565380     -5.826430      298.6210    -0.2161230E-10  0.000000      8274.310      2863.289    
  14.00000     -5.080440      3.371520      298.5530    -0.1021820E-10  0.000000      7848.080      2903.183    
  14.00000     -11.23790      1.370880      290.3480     0.1757570E-10  0.000000      82048.20      2649.566    
  14.00000      1.961670      5.774050      298.5520     0.8941250E-11  0.000000      673.4970      3050.122    
  14.00000      2.753360      5.014960      298.9420     0.2534020E-11  0.000000      268.8100      2865.522    
  14.00000     -1.882230      2.557530      300.9100     0.9298060E-11  0.000000      38854.60      1172.913    
  14.00000     0.2994200      3.490670      300.7210     0.3801480E-10  0.000000      1918.280      1725.196    
  14.00000     -6.045720      4.705730      296.6540    -0.1912630E-10  0.000000      20965.20      3332.390    
  14.00000      4.969610     -9.883350      290.8850    -0.1660670E-10  0.000000      75154.60      2846.393    
  14.00000     -4.713860     0.9725910      299.7760    -0.2381090E-10  0.000000      45766.40      1673.556    
  14.00000      1.733270     0.7664340      301.4690     0.4241580E-11  0.000000      13885.30      855.6757    
  14.00000     -7.372840     -1.313040      296.8860     0.4811300E-10  0.000000      41777.40      2729.878    
  14.00000     -4.024880     0.7940020      300.3260    -0.7434620E-11  0.000000      7736.430      1943.319    
  14.00000     0.1366380E-01-0.5606120      301.7510    -0.3886850E-10  0.000000      24157.70      233.8672    
  14.00000      2.550850     -2.724790      300.5770     0.8246650E-12  0.000000      13702.60      1692.497    
  14.00000    -0.7230640     -4.719060      299.8090    -0.3603430E-11  0.000000      19978.30      2070.455    
  14.00000     -3.924640      1.058550      300.3530    -0.3872740E-10  0.000000      23963.40      1705.742    
  14.00000      1.763530      4.258140      299.9440    -0.3562460E-10  0.000000      10186.00      2148.355    
  14.00000     -9.010440     -1.390090      294.4680    -0.2612840E-10  0.000000      74292.20      2343.993    
  14.00000      5.835030    -0.1268460      298.8260    -0.1484850E-10  0.000000      20738.10      2524.631    
  14.00000      2.624670     -4.609710      299.3430    -0.4255680E-10  0.000000      11270.90      2458.372    
  14.00000      5.628130     -3.980740      297.6430    -0.3307180E-10  0.000000      61831.00      2042.059    
  14.00000      6.144240    -0.3754190      298.4900    -0.3657560E-10  0.000000      11501.60      2856.225    
  14.00000      3.328820     -4.933590      298.7070    -0.2079840E-10  0.000000      8244.370      2824.408    
  14.00000      6.845730     -4.526370      295.8830    -0.2289790E-10  0.000000      49407.40      2790.111    
  14.00000      5.141730      2.973780      298.7190     0.3642550E-10  0.000000      28076.50      2424.340    
  14.00000      2.388990      1.667590      301.0480     0.4175350E-10  0.000000      28282.60      1177.939    
  14.00000      11.69750     -3.882190      288.1280    -0.1310220E-10  0.000000      70119.00      3416.969    
  14.00000     -8.429970      1.317800      295.3960    -0.3516700E-10  0.000000      34520.90      3335.550    
  14.00000     -2.905160     -6.294620      297.5950    -0.1756740E-11  0.000000      63158.30      2023.040    
  14.00000     -4.193960     -4.528570      298.4720     0.3691830E-10  0.000000      29304.40      2495.943    
  14.00000      1.364420     -1.308060      301.4710    -0.4148630E-10  0.000000      47967.30      639.7199    
  14.00000      2.090950     -12.74720      286.7110     0.2816310E-10  0.000000      81583.90      3082.437    
  14.00000      8.553150      3.476820      294.2770    -0.3269430E-10  0.000000      60761.40      2799.819    
  14.00000     -11.29560      6.290900      286.6820     0.2793410E-10  0.000000      78012.00      3246.636    
  14.00000      2.832660     -7.892520      295.6180     0.2895340E-10  0.000000      42705.30      3043.505    
  14.00000     0.8764350E-01  4.846950      299.7470     0.2508050E-10  0.000000      27631.50      1979.039    
  14.00000     -8.513690      4.495120      293.6030     0.4273510E-10  0.000000      54904.30      3118.276    
  14.00000      5.973890      7.359250      293.8610     0.4575790E-10  0.000000      41555.30      3497.966    
  14.00000      4.631930      7.168060      295.3930    -0.3389470E-10  0.000000      46462.70      2991.364    
  14.00000      1.702070      9.190420      294.0850    -0.3725150E-10  0.000000      61614.80      2809.087    
  14.00000      1.606580     -1.665800      301.3170     0.2759370E-10  0.000000      77526.70      556.6397    
  14.00000     -4.916760     -2.415250      299.1800    -0.2449990E-10  0.000000      33922.20      2125.372    
  14.00000     -3.845420     -4.517650      298.7260    -0.4718760E-10  0.000000      11011.70      2760.288    
  14.00000      1.472800      4.541300      299.8090     0.1198490E-10  0.000000      18976.50      2086.416    
  14.00000      5.999720     -2.073560      298.2790     0.2335070E-10  0.000000      55798.80      2004.778    
  14.00000     -7.226040     -1.085650      297.1240    -0.2753780E-10  0.000000      8495.810      3479.998    
  14.00000      1.209480    -0.5836640      301.6230    -0.3310190E-10  0.000000      9364.340      626.1664    
  14.00000     0.7412250     -4.610650      299.8950     0.3875630E-10  0.000000      2920.130      2290.272    
  14.00000      7.407820     -1.776780      296.7130    -0.2519920E-10  0.000000      24763.40      3215.372    
  14.00000     -4.139860      2.591880      299.7160     0.1308300E-10  0.000000      14330.70      2210.920    
  14.00000      1.928450      3.831120      300.1910    -0.4383280E-10  0.000000      10642.20      1991.132    
  14.00000     -3.882980      11.92620      287.6180    -0.2346380E-10  0.000000      74825.00      3278.219    
  14.00000     -6.081050     -1.751650      298.3010     0.5376200E-11  0.000000      454.3830      3172.535    
  14.00000     -2.525300     0.3203280      301.2210     0.4114490E-10  0.000000      2680.590      1244.956    
  14.00000     -7.012330     -2.249730      297.0500    -0.3441540E-10  0.000000      60208.90      2226.075    
  14.00000      1.687710     0.7763780E-01  301.5330    -0.1311960E-10  0.000000      45361.70      586.2903    
  14.00000     -4.365140     -4.450660      298.4050     0.8649880E-11  0.000000      7021.210      2986.983    
  14.00000    -0.4483730     0.4823250      301.7410     0.2456810E-10  0.000000      14766.20      295.1437    
  14.00000     0.9620910     -4.436890      299.9980    -0.1462630E-10  0.000000      12686.30      2078.029    
  14.00000      2.920550     0.2267090      301.0400    -0.3335140E-10  0.000000      46599.40      1006.162    
  14.00000    -0.8565000      7.200020      297.1970    -0.3276330E-10  0.000000      9428.970      3429.544    
  14.00000     -2.970360      4.457510      299.2950    -0.1033840E-10  0.000000      45252.80      1874.678    
  14.00000      6.852780     0.3915370      297.6790    -0.1268130E-10  0.000000      12864.20      3162.111    
  14.00000      1.083100      3.971960      300.3160     0.4730510E-10  0.000000      4404.780      1995.942    
  14.00000     -9.170370     -4.902360      292.1960    -0.1829480E-10  0.000000      70394.90      2832.940    
  14.00000     -3.728970      1.628290      300.3500    -0.4909150E-11  0.000000      20065.00      1760.286    
  14.00000     -1.962270     -2.436480      300.9360     0.2574590E-10  0.000000      31105.80      1235.976    
  14.00000     -2.675200      1.846050      300.8680    -0.2023350E-10  0.000000      21013.00      1393.466    
  14.00000      2.114050      2.670370      300.7790     0.2606350E-10  0.000000      27673.00      1385.177    
  14.00000      2.439300     -3.255410      300.3510     0.3472370E-10  0.000000      66778.90      1127.134    
  14.00000     -9.900000      1.067220      293.0160    -0.1716250E-10  0.000000      49794.30      3405.220    
  14.00000     -6.009140     0.7942510      298.5910     0.2463290E-10  0.000000      5616.030      2930.997    
  14.00000      1.915060      3.190080      300.5850     0.4482640E-10  0.000000      4590.810      1799.933    
  14.00000     -9.687060     -5.272630      290.9530    -0.3693810E-10  0.000000      72026.40      2955.715    
  14.00000     -7.183090      4.699190      162.2240     -67.76660      0.000000      84446.20      3468.607    
  14.00000     -2.291120     -5.001140      299.1580    -0.4368040E-10  0.000000      72319.70      1428.398    
  14.00000     -3.257990      7.132300      296.4060     0.3732550E-10  0.000000      52677.70      2574.584    
  14.00000      1.548580     -6.600780      297.7800    -0.2543500E-10  0.000000      11927.30      3143.707    
  14.00000      5.329920      4.469490      297.5670    -0.3379280E-10  0.000000      58941.60      2128.570    
  14.00000      4.790980     0.5712780      299.7660    -0.1458350E-10  0.000000      75240.50      1203.301    
  14.00000      1.978170      12.14400      288.1770    -0.2200950E-11  0.000000      83021.00      2859.748    
  14.00000      1.368410      6.799290      297.5920    -0.3423640E-10  0.000000      10100.70      3260.467    
  14.00000     -1.216100     0.2538230      301.6450     0.1033020E-10  0.000000      56450.00      385.2799    
  14.00000      1.372720      4.116250      300.1530     0.1983950E-11  0.000000      13764.60      1969.464    
  14.00000      1.050540    -0.8851090      301.6160    -0.1863480E-10  0.000000      37698.70      511.4726    
  14.00000     -1.381920     -6.582890      297.8440    -0.1180990E-10  0.000000      70059.20      1805.347    
  14.00000      3.061760      3.331510      300.0100     0.5166790E-11  0.000000      7177.550      2154.046    
  14.00000      9.091050      2.480620      293.9550     0.4122100E-10  0.000000      41328.40      3483.721    
  14.00000      2.977960      6.716020      297.0730    -0.1566200E-10  0.000000      12589.80      3398.167    
  14.00000     0.9429300     -1.397380      301.5340     0.3453720E-10  0.000000      66789.60      465.1973    
  14.00000      8.597380     -8.335060      288.9290    -0.1735910E-10  0.000000      75122.30      3103.259    
  14.00000      5.033280      5.214210      297.2010     0.7406990E-11  0.000000      19274.00      3187.733    
  14.00000      7.355710     -3.368480      296.0520     0.5289620E-11  0.000000      38691.60      3041.761    
  14.00000     -8.930500      4.633920      292.8270    -0.1888960E-10  0.000000      62368.90      3010.894    
  14.00000     0.9065520     -7.123320      297.2860     0.1832080E-10  0.000000      6518.750      3465.708    
  14.00000      1.968780     -8.714030      294.7660     0.2047280E-10  0.000000      43545.90      3226.375    
  14.00000     0.8059540     -10.27630      292.3680     0.3249380E-10  0.000000      54002.70      3384.523    
  14.00000      2.096800     -4.111840      299.9380     0.4123770E-10  0.000000      2053.990      2276.671    
  14.00000     -5.409550     -4.822900      297.2010     0.3317070E-10  0.000000      80059.10      1705.525    
  14.00000    -0.1241230      5.334910      299.3140    -0.3240960E-10  0.000000      60720.70      1591.726    
  14.00000     0.3506800      2.716740      301.1320     0.6490930E-11  0.000000      14005.00      1237.093    
  14.00000     -5.620500     -3.542710      297.9410     0.1969050E-10  0.000000      81958.10      1517.282    
  14.00000    -0.7461850      7.815400      296.3920     0.7857810E-11  0.000000      63671.20      2286.709    
  14.00000     -1.167620      6.053140      298.4800     0.4378940E-10  0.000000      2264.910      3051.281    
  14.00000      5.037400     0.2850640      299.5770    -0.3456420E-10  0.000000      8911.580      2376.203    
  14.00000      5.741470     0.8527310E-01  298.9210     0.2332350E-10  0.000000      39428.50      2124.016    
  14.00000      3.570440     -2.811380      299.9950     0.1609780E-10  0.000000      18733.50      1988.474    
  14.00000     0.5920860     -3.782730      300.5140     0.4023230E-10  0.000000      3685.960      1864.157    
  14.00000     -6.237140     -4.515090      296.6010    -0.3440810E-10  0.000000      60967.70      2311.310    
  14.00000      9.364410    -0.1259640      294.0540     0.1055950E-10  0.000000      51614.60      3133.454    
  14.00000     -1.150820      4.204940      300.1380     0.1662240E-10  0.000000      51880.10      1425.215    
  14.00000      1.837900    -0.7092380      301.4440     0.2066790E-10  0.000000      6238.840      939.5089    
  14.00000      2.482750     -1.673040      301.0070    -0.4848610E-10  0.000000      35201.30      1141.799    
  14.00000     -5.160910     -1.722960      299.2150     0.9948570E-12  0.000000      38512.50      2027.286    
  14.00000     -9.548300     -2.918010      292.9670     0.3367540E-10  0.000000      54121.00      3267.528    
  14.00000    -0.3654610     0.8014050      301.7110     0.3131490E-10  0.000000      5209.210      422.6958    
  14.00000      9.321700    -0.8169790      294.0670    -0.2091770E-10  0.000000      62292.60      2790.916    
  14.00000    -0.7014350      5.607210      299.0120     0.3599230E-10  0.000000      28060.10      2304.495    
  14.00000      3.408760      4.317050      299.1580     0.4564430E-10  0.000000      4094.660      2682.751    
  14.00000     -1.168380      12.86160      286.7180    -0.2647870E-10  0.000000      73999.40      3423.274    
  14.00000     -4.953910     -3.619860      298.5120     0.4265770E-10  0.000000      2135.220      3039.166    
  14.00000      3.954670     -3.615200      299.2940    -0.4922430E-11  0.000000      20065.90      2326.135    
  14.00000      4.618690     -2.253160      299.4940    -0.3431250E-10  0.000000      8857.930      2421.835    
  14.00000     -5.183950     -11.70550      286.9940     0.2757870E-10  0.000000      77557.30      3231.475    
  14.00000      2.830950     -1.392740      300.9210    -0.2117220E-10  0.000000      12135.40      1445.437    
  14.00000      9.226750      6.737300      290.1300     0.2905080E-11  0.000000      63404.40      3409.954    
  14.00000     -2.104550     -2.384360      300.9070    -0.4512940E-10  0.000000      35475.60      1210.413    
  14.00000     -12.70190     -4.167600      285.5780     0.3469420E-10  0.000000      79957.70      3278.737    
  14.00000      5.413790      3.813240      297.9670     0.3254990E-10  0.000000      53719.40      2139.710    
  14.00000     -4.057760      6.468370      296.6890     0.1542310E-10  0.000000      64291.10      2205.861    
  14.00000      5.894820      4.483500      296.9950    -0.3724090E-10  0.000000      72039.10      1944.100    
  14.00000     -3.074350      9.809510      292.4200    -0.2087300E-10  0.000000      70683.00      2788.378    
  14.00000     -2.953100      9.423540      293.1640    -0.7865080E-11  0.000000      62839.00      2936.075    
  14.00000     -5.934130      4.028110      297.2970    -0.1393430E-10  0.000000      20679.70      3119.786    
  14.00000      2.849210      6.976990      296.8220     0.4233420E-10  0.000000      41381.20      2757.842    
  14.00000     -6.586570      2.737030      297.3470    -0.1980820E-10  0.000000      12227.80      3304.814    
  14.00000      3.848030      4.027370      299.0910     0.1524120E-10  0.000000      39092.70      2065.509    
  14.00000      5.910380     -1.416150      298.5740     0.1446050E-11  0.000000      25941.90      2525.284    
  14.00000     -8.814690      3.305350      293.9710    -0.2888160E-10  0.000000      49157.70      3229.343    
  14.00000      3.922020     -6.470100      296.7830     0.9980850E-11  0.000000      44335.40      2693.749    
  14.00000      2.884740    -0.4780830      301.0420    -0.1487180E-10  0.000000      58147.40      892.1848    
  14.00000    -0.5126630      2.337240      301.2860     0.3073200E-10  0.000000      29833.50      954.3588    
  14.00000      3.500720      1.627990      300.4930     0.2176400E-10  0.000000      68629.40      1045.454    
  14.00000      2.961530      4.956160      298.8890    -0.1777340E-10  0.000000      32955.80      2260.918    
  14.00000      9.565540     -8.099130      287.6380    -0.4637630E-10  0.000000      72738.80      3366.643    
  14.00000      2.507850      9.444780      293.3480     0.4216220E-10  0.000000      55029.70      3163.667    
  14.00000      3.918480     -6.447630      296.8110    -0.2587160E-10  0.000000      34065.90      2947.054    
  14.00000     -5.153120     -4.394150      297.7890     0.4003390E-10  0.000000      15447.70      3059.952    
  14.00000      1.992610     0.7165390      301.3930    -0.1031550E-10  0.000000      13061.90      962.0999    
  14.00000      9.687270      2.668930      292.8500     0.4201260E-10  0.000000      66378.40      2869.206    
  14.00000      2.315700     -6.226280      297.9420    -0.1715250E-10  0.000000      12452.50      3066.784    
  14.00000      3.547370     0.5403590      300.6690     0.1054410E-10  0.000000      6935.520      1707.382    
  14.00000      5.600120     -1.727490      298.8010    -0.3862830E-10  0.000000      48784.60      1985.180    
  14.00000     0.5250570      7.119890      297.3390    -0.3322880E-10  0.000000      23318.00      3041.684    
  14.00000     -2.532590      6.461450      297.5860    -0.3342510E-10  0.000000      10047.30      3263.861    
  14.00000      2.842950     -1.810370      300.8000     0.1724400E-11  0.000000      209.4410      1678.387    
  14.00000      2.969610      7.382520      296.2430    -0.4286530E-10  0.000000      48048.40      2738.527    
  14.00000      2.962130     -6.124570      297.7520    -0.4707810E-10  0.000000      35364.90      2619.275    
  14.00000      5.825880      7.810810      293.3980    -0.3539180E-10  0.000000      59001.70      3022.197    
  14.00000      2.965090      1.096420      300.9180     0.1180770E-10  0.000000      26543.10      1296.984    
  14.00000      7.360060    -0.7252970      297.0090     0.3492760E-10  0.000000      29415.40      3002.632    
  14.00000     0.6965430      14.31390      282.9920     0.2631830E-10  0.000000      81670.60      3460.230    
  14.00000     -8.980760    -0.7933930E-01  294.6900     0.2147800E-10  0.000000      76756.00      2232.219    
  14.00000      1.298600      13.53190      284.9920     0.2514050E-10  0.000000      81723.30      3256.787    
  14.00000     -3.697610     -5.236710      298.2090    -0.4020400E-10  0.000000      72164.70      1673.219    
  14.00000      6.348840      5.772090      295.3220     0.8445300E-11  0.000000      31770.20      3435.130    
  14.00000     0.8820740     -5.168350      299.4000     0.4599910E-11  0.000000      56828.40      1631.618    
  14.00000     -1.770030      6.379390      297.9680     0.4594620E-10  0.000000      41566.00      2409.238    
  14.00000     -8.166750     -1.355530      295.7770    -0.4080800E-10  0.000000      34753.20      3225.635    
  14.00000     -3.731120      6.465660      296.9170    -0.2430500E-10  0.000000      33894.20      2919.093    
  14.00000      4.109230      1.195180      300.1980     0.4449410E-10  0.000000      42051.90      1538.869    
  14.00000    -0.1663640     -8.594080      295.2980    -0.1234500E-11  0.000000      38418.00      3247.988    
  14.00000     -6.551680      1.652140      297.8080    -0.2607200E-10  0.000000      74344.50      1716.500    
  14.00000      1.042040      5.589820      298.9770    -0.2795240E-10  0.000000      34199.30      2202.365    
  14.00000     -2.803880     -3.989180      299.7230     0.3602660E-10  0.000000      28061.40      1983.737    
  14.00000     -5.633090      8.801930      292.0970    -0.8358490E-11  0.000000      69902.20      2865.604    
  14.00000     -1.979520      2.693600      300.8160     0.1747760E-10  0.000000      64509.00      949.9996    
  14.00000     0.2178330      1.973590      301.4390    -0.2511230E-10  0.000000      24766.60      824.9109    
  14.00000      7.975890      3.217410      295.2910     0.3264140E-10  0.000000      30379.20      3483.968    
  14.00000      2.638240     -8.580910      294.6960     0.6626570E-11  0.000000      56694.70      2842.359    
  14.00000     -4.366530      9.204300      292.5930     0.2750760E-10  0.000000      77760.30      2515.248    
  14.00000      5.534190     -3.639850      297.9640     0.3228050E-11  0.000000      316.3270      3327.538    
  14.00000     -7.409140      4.244920      295.3850    -0.3730080E-10  0.000000      60004.40      2601.599    
  14.00000     -7.469830     -1.031970      296.8170    -0.4112520E-10  0.000000      73020.90      1955.691    
  14.00000     -7.398820     -6.592860      293.1020    -0.1975340E-11  0.000000      50932.30      3349.558    
  14.00000     -7.829330     -1.284730      296.2760     0.4681310E-10  0.000000      28546.40      3252.431    
  14.00000      3.487060     0.7209560      300.6860    -0.4104360E-10  0.000000      11331.80      1642.149    
  14.00000      4.957640      1.536750      299.4480    -0.3091880E-10  0.000000      47119.00      1783.245    
  14.00000     -5.813190      3.407780      297.8290    -0.3992190E-10  0.000000      21750.30      2901.661    
  14.00000     -6.788130     -1.489120      297.5750     0.2055470E-10  0.000000      43532.20      2486.441    
  14.00000    -0.6469020E-01  3.451510      300.7520     0.3125070E-10  0.000000      67004.90      952.6411    
  14.00000     -5.377800     -2.569470      298.6980     0.3306430E-10  0.000000      18073.10      2632.421    
  14.00000      2.394720    -0.2254910      301.2810     0.1022570E-10  0.000000      51598.00      785.6042    
  14.00000      2.886580     0.1078500      301.0600     0.1149450E-10  0.000000      6892.070      1373.084    
  14.00000      4.987250    -0.2224660      299.6240     0.1141470E-10  0.000000      19012.90      2182.452    
  14.00000     0.8271380      5.138090      299.4350     0.3403610E-10  0.000000      16679.80      2317.132    
  14.00000     -6.218690      3.064660      297.5950     0.1124140E-10  0.000000      31659.70      2756.882    
  14.00000      8.914730      7.052770      290.2510     0.1051330E-10  0.000000      76302.70      2886.241    
  14.00000     -4.382480      9.156860      292.6600     0.1612420E-10  0.000000      68848.30      2814.927    
  14.00000      5.733170     -5.455560      296.3040     0.2283140E-10  0.000000      31218.70      3172.561    
  14.00000     -4.179520      3.978930      298.8920     0.2055730E-10  0.000000      68676.40      1570.096    
  14.00000      1.110860     -1.082160      301.5710    -0.2135220E-10  0.000000      33331.50      599.9690    
  14.00000     -11.94160    -0.6686890      299.6110     -2.413480      0.000000      84061.60      2632.225    
  14.00000     -1.129710      5.181890      299.3440    -0.1613020E-10  0.000000      25098.00      2212.942    
  14.00000     -5.971960     -2.377180      298.1900    -0.4350120E-10  0.000000      59433.90      1952.217    
  14.00000     -10.16530     -1.172110      292.5090    -0.2781210E-10  0.000000      58719.60      3193.203    
  14.00000      3.922550     -5.507180      297.8020     0.2974580E-10  0.000000      5283.390      3285.657    
  14.00000      12.12020     -2.378570      288.0670    -0.2101610E-10  0.000000      70708.20      3399.778    
  14.00000    -0.4540680      2.755410      301.1070    -0.3773030E-10  0.000000      23828.40      1170.160    
  14.00000     -6.157780    -0.3308500      298.4780     0.4513640E-10  0.000000      28431.80      2511.642    
  14.00000      1.497460      5.848820      298.6160     0.4390590E-10  0.000000      17517.80      2678.550    
  14.00000      6.289700     -1.909340      138.9870     -172.4590      0.000000      84961.80      3075.855    
  14.00000     -1.976480     -1.374580      301.2800     0.4006400E-10  0.000000      15456.60      1075.113    
  14.00000      7.127710     -7.248230      292.6340    -0.1377310E-10  0.000000      58075.00      3193.341    
  14.00000      3.132780      5.675960      298.1270     0.2547280E-10  0.000000      5535.610      3141.546    
  14.00000     -3.395910      4.703440      298.8610    -0.3378900E-10  0.000000      46495.60      2009.146    
  14.00000      1.861780     -1.545020      301.2750    -0.1662170E-10  0.000000      49842.90      804.3026    
  14.00000      12.76770     0.6249770      287.0400    -0.2973240E-10  0.000000      71712.60      3486.437    
  14.00000      3.793340     -3.547170      299.4450     0.3657640E-10  0.000000      3325.540      2543.857    
  14.00000      1.634700      4.855220      299.5080    -0.1579920E-10  0.000000      37816.80      1918.872    
  14.00000      2.272970      8.614000      294.8060     0.3676290E-10  0.000000      66665.40      2518.315    
  14.00000     -5.790910     -4.107190      297.3880     0.1703080E-10  0.000000      64462.10      2042.049    
  14.00000     -6.059590      2.518510      298.0360    -0.3273680E-10  0.000000      11644.40      3046.300    
  14.00000     -3.546670      4.310300      299.0800     0.3064330E-10  0.000000      14984.60      2519.867    
  14.00000     -3.554810      5.144380      298.3840     0.1403490E-10  0.000000      44139.50      2218.473    
  14.00000     0.5060550     -5.956930      298.6790     0.2986740E-10  0.000000      42664.40      2148.439    
  14.00000     -5.045940      3.217730      298.6720     0.2076850E-10  0.000000      27390.70      2456.762    
  14.00000     -3.735950     0.5061520      300.5530     0.5841600E-11  0.000000      51363.50      1237.278    
  14.00000      2.515380     -6.954830      297.0090     0.4310940E-10  0.000000      28970.50      3013.718    
  14.00000     -1.649970      2.935030      300.8020     0.3504450E-10  0.000000      42447.30      1203.887    
  14.00000     -5.165970    -0.1702200      299.4670     0.4249470E-10  0.000000      54994.80      1639.781    
  14.00000    -0.5486320     -6.776970      297.7570    -0.1452120E-10  0.000000      12696.00      3135.272    
  14.00000      9.482530    -0.2628400      293.8480     0.1405640E-10  0.000000      64148.80      2771.498    
  14.00000      3.054070      1.262620      300.8380     0.3502200E-10  0.000000      29410.00      1324.710    
  14.00000      2.811410      6.363290      297.5660    -0.2102060E-10  0.000000      24915.40      2924.307    
  14.00000     0.7012770     -3.925620      300.4070    -0.1136300E-10  0.000000      70038.70      1061.450    
  14.00000    -0.6000360     -3.641630      300.6040    -0.2770890E-10  0.000000      24672.30      1538.739    
  14.00000     -5.756270     -2.426920      298.3910    -0.2100930E-10  0.000000      58456.50      1916.509    
  14.00000     -2.017780      3.419810      300.4190    -0.2071730E-10  0.000000      49521.90      1328.043    
  14.00000      4.048520      1.684010      300.1190    -0.6150690E-11  0.000000      25548.10      1818.265    
  14.00000      3.748150      8.300780      294.4830     0.4242940E-10  0.000000      54830.90      2943.392    
  14.00000     0.5318430E-02 -5.008550      299.6090     0.3811440E-10  0.000000      42322.70      1800.038    
  14.00000    -0.7034420     -3.427380      300.7240     0.4305300E-10  0.000000      17370.80      1543.096    
  14.00000     -5.648520      5.058070      296.7610     0.3320830E-10  0.000000      30622.00      3050.093    
  14.00000      6.910600      5.678560      294.7490    -0.4346310E-10  0.000000      59490.10      2746.600    
  14.00000     -3.558430      4.167260      299.1780     0.6642090E-11  0.000000      26214.40      2267.290    
  14.00000      5.070690      5.845390      296.5490    -0.1012350E-10  0.000000      50430.60      2598.197    
  14.00000    -0.3723040     -8.908780      294.7940    -0.2327470E-10  0.000000      71181.40      2384.005    
  14.00000      5.164600      4.913310      297.3520    -0.3608740E-10  0.000000      61156.40      2129.834    
  14.00000      2.765720      1.316580      300.9700     0.2134380E-10  0.000000      18503.70      1338.294    
  14.00000     -3.474730      1.890040      300.4290     0.1869700E-10  0.000000      27211.80      1616.652    
  14.00000     -5.428330     -2.450120      298.7020    -0.3220600E-10  0.000000      46123.20      2071.143    
  14.00000      6.143040      6.308930      294.9710     0.3134520E-10  0.000000      68181.00      2442.510    
  14.00000     -5.734440      6.039850      295.7030    -0.2659340E-10  0.000000      37144.30      3178.583    
  14.00000      6.738770      8.523870      291.2830    -0.1456300E-10  0.000000      70188.20      2977.261    
  14.00000     -5.574410     -11.96560      286.0060     0.3681770E-10  0.000000      79824.10      3238.909    
  14.00000     -1.058930      4.110830      300.2230    -0.1703480E-10  0.000000      32912.90      1655.562    
  14.00000      3.193860      3.481420      299.8500     0.1965470E-10  0.000000      31339.10      1869.651    
  14.00000    -0.3437540      5.877460      298.7730     0.4133060E-10  0.000000      3768.110      2881.588    
  14.00000     -4.258800      5.132480      297.9110     0.3188770E-10  0.000000      29619.50      2694.950    
  14.00000      6.872750      5.325900      295.1450     0.4546600E-10  0.000000      65912.90      2477.163    
  14.00000      2.587710     -5.940810      298.1300     0.3481040E-10  0.000000      16138.30      2909.517    
  14.00000     -7.168920     0.6314040      297.2660    -0.2472650E-10  0.000000      45801.30      2522.602    
  14.00000     -3.432720    -0.2345210      300.7580    -0.3892760E-10  0.000000      11413.40      1585.454    
  14.00000      6.197840      3.259800      297.5090    -0.1935790E-10  0.000000      8191.380      3337.918    
  14.00000    -0.4906620     -1.576110      301.5440     0.7593840E-11  0.000000      19261.80      715.6898    
  14.00000    -0.2862080      1.188720      301.6500     0.2265160E-10  0.000000      81831.60      276.3097    
  14.00000      1.152520     -5.615650      298.9310    -0.3419060E-10  0.000000      71910.00      1497.558    
  14.00000     -2.083240     -3.403560      300.4050     0.2364630E-10  0.000000      27564.70      1626.399    
  14.00000      2.484840      2.185780      300.8350     0.4642670E-12  0.000000      32114.40      1296.822    
  14.00000      1.582670     -7.543740      296.5900    -0.2192270E-10  0.000000      45695.10      2710.743    
  14.00000     -4.706220     -4.602090      298.0130     0.2180850E-10  0.000000      6047.850      3179.552    
  14.00000     -4.325100      2.290360      299.7080    -0.3220870E-10  0.000000      11664.10      2258.966    
  14.00000     -2.061190      5.614690      298.6760     0.3370760E-10  0.000000      1756.860      2968.612    
  14.00000     -4.505010      4.760230      298.0450     0.2381260E-11  0.000000      258.0060      3292.822    
  14.00000      2.626030     -3.968850      299.8210     0.3826750E-10  0.000000      55235.00      1504.177    
  14.00000      1.143430     -4.442420      299.9610     0.5929430E-11  0.000000      31874.30      1806.461    
  14.00000      8.860220      1.216980      294.7510    -0.1378710E-10  0.000000      58075.90      2789.184    
  14.00000    -0.5938360      3.061060      300.9410    -0.3830610E-10  0.000000      21686.60      1329.489    
  14.00000      10.27480     -4.397190      290.6510     0.4236940E-10  0.000000      79470.20      2712.026    
  14.00000     -4.631880     -5.993670      296.7710    -0.1148320E-10  0.000000      20515.40      3304.995    
  14.00000     -7.835520      7.054460      291.9180     0.2455810E-10  0.000000      81749.00      2465.040    
  14.00000      2.599280     -1.757240      300.9310    -0.7408460E-11  0.000000      45132.50      1093.360    
  14.00000      7.064160     -1.147640      297.3160     0.3675200E-10  0.000000      16896.30      3203.976    
  14.00000     -2.133370     -6.468530      297.7430    -0.3841740E-10  0.000000      24210.50      2877.595    
  14.00000      9.045400    -0.5563200      294.5580    -0.3360310E-10  0.000000      48977.00      3108.115    
  14.00000     -10.15080      1.775910      292.3730     0.4439140E-10  0.000000      79119.70      2498.247    
  14.00000     -2.690820      2.112470      300.7700     0.4406290E-10  0.000000      28915.50      1377.220    
  14.00000      4.109610      5.341880      297.8280     0.1538260E-10  0.000000      1044.660      3370.823    
  14.00000      14.43900      2.801730      281.9130    -0.5916580E-04  0.000000      83772.90      3455.281    
  14.00000      5.956140     -3.390390      297.6920    -0.3557540E-10  0.000000      10183.10      3218.877    
  14.00000      3.197910     -1.448120      300.7160     0.6511240E-11  0.000000      14006.10      1587.571    
  14.00000     -3.609740      3.728270      299.4490     0.1336570E-10  0.000000      18890.20      2272.125    
  14.00000      6.442590     -5.254800      295.7250     0.1682940E-10  0.000000      39156.40      3116.191    
  14.00000      2.346070     -4.706860      299.3850     0.3900980E-10  0.000000      41225.10      1910.793    
  14.00000    -0.7555290     -4.816730      299.7240     0.3170960E-10  0.000000      29635.80      1957.970    
  14.00000      3.686050     -6.289730      297.1460     0.7561950E-12  0.000000      57077.40      2279.783    
  14.00000      8.863870     -2.082080      294.4880     0.3762180E-10  0.000000      54427.70      2954.950    
  14.00000     -4.241480     0.9954790      300.1400     0.4132470E-10  0.000000      3767.670      2122.660    
  14.00000      3.304710    -0.6132990      300.8050     0.1406870E-10  0.000000      26748.20      1377.192    
  14.00000     -1.950240      10.35330      291.9330     0.4602300E-10  0.000000      66085.00      3028.354    
  14.00000      3.452600     -1.033910      300.6590     0.4122390E-10  0.000000      78879.70      852.5389    
  14.00000      4.775000     -4.675650      297.8950    -0.4025140E-11  0.000000      44982.80      2355.960    
  14.00000      5.487390      4.112060      297.6870    -0.2002560E-10  0.000000      70556.20      1829.969    
  14.00000     -7.227510     -4.114100      295.7210     0.3320540E-10  0.000000      30589.30      3358.127    
  14.00000      3.905940     0.2355140      300.4580     0.1477700E-10  0.000000      56173.40      1221.957    
  14.00000     -6.671650     -2.300800      297.4410     0.3197960E-10  0.000000      53879.70      2280.599    
  14.00000     -2.471940      4.230130      299.7030    -0.4280350E-10  0.000000      10583.50      2279.131    
  14.00000     -7.509280      2.208770      296.4250     0.1458740E-10  0.000000      44110.70      2796.108    
  14.00000      2.064570     -4.856010      299.3690    -0.3179030E-10  0.000000      9890.200      2469.573    
  14.00000      2.999070      1.043080      300.9100    -0.3549300E-10  0.000000      23584.00      1333.976    
  14.00000      5.736170     -1.788370      298.6470     0.2079890E-11  0.000000      32042.30      2373.194    
  14.00000      2.170900     -5.032610      299.1770     0.1820660E-10  0.000000      1176.440      2726.423    
  14.00000      3.306110      5.633940      298.0700    -0.7599100E-11  0.000000      62852.70      1909.877    
  14.00000     -3.666250     -4.055450      299.1910     0.1688030E-10  0.000000      39158.50      2025.362    
  14.00000      1.537900      5.661130      298.7950    -0.1367530E-10  0.000000      20662.80      2539.304    
  14.00000     0.3333680E-01 -5.996010      298.6600     0.3015600E-10  0.000000      78240.90      1440.685    
  14.00000     -4.631770      4.950640      297.7810     0.4401300E-10  0.000000      3966.150      3324.732    
  14.00000      5.300530     0.7410120      299.2990     0.4262940E-10  0.000000      54970.50      1699.321    
  14.00000     -1.573060      4.405470      299.8880    -0.3046320E-10  0.000000      8613.630      2205.458    
  14.00000      7.343350    -0.3630480      297.0650     0.2615790E-10  0.000000      18323.00      3258.988    
  14.00000     -3.453440      7.729630      295.4970     0.3123740E-10  0.000000      27879.70      3498.758    
  14.00000     -1.643680      5.209670      299.1950    -0.3729940E-10  0.000000      35840.30      2084.371    
  14.00000      3.618080     -3.598640      299.5260     0.3704380E-10  0.000000      15916.20      2284.379    
  14.00000     -6.417190      1.791640      297.9190     0.3125720E-10  0.000000      30048.10      2682.582    
  14.00000     -2.060910     -4.900590      299.3320     0.4834440E-11  0.000000      56813.00      1655.055    
  14.00000     0.7510320      5.660290      298.9530     0.1321440E-10  0.000000      6811.900      2734.842    
  14.00000      5.816750     -7.667480      293.6090    -0.4214860E-10  0.000000      48005.70      3343.261    
  14.00000      2.480090      2.776160      300.5840     0.3088590E-10  0.000000      27866.10      1512.583    
  14.00000      4.800540      3.337090      298.8150     0.2344390E-10  0.000000      43077.60      2091.996    
  14.00000      4.312350     -6.884240      296.0050    -0.2284200E-10  0.000000      33627.80      3193.643    
  14.00000     -1.084100      4.487620      299.9370    -0.3668970E-10  0.000000      34583.70      1776.518    
  14.00000     -3.649170      2.380830      300.1400     0.3022170E-10  0.000000      80375.60      1010.742    
  14.00000      4.276480      1.706170      299.9470     0.1466130E-10  0.000000      26806.60      1891.053    
  14.00000      8.624080    -0.3754290      295.2420     0.3813530E-10  0.000000      54465.40      2793.228    
  14.00000    -0.2860680     -6.176710      298.4600    -0.1980660E-10  0.000000      33113.90      2421.582    
  14.00000     -3.191750     -4.048930      299.4790     0.3000960E-10  0.000000      52379.10      1680.594    
  14.00000     -1.577420      3.986590      300.1920     0.1239700E-10  0.000000      18950.40      1871.643    
  14.00000     -5.251340     -2.804520      298.7050     0.3986360E-10  0.000000      1992.930      2949.840    
  14.00000    -0.4935590      7.552760      296.7790    -0.1875520E-10  0.000000      33021.30      2983.353    
  14.00000     -8.515490     -1.904340      295.0960    -0.2818140E-10  0.000000      36357.60      3360.344    
  14.00000      5.468000     -4.165340      297.6670    -0.3474930E-10  0.000000      10133.20      3229.837    
  14.00000      2.126410      1.730260      301.1310    -0.2699420E-10  0.000000      36873.10      1029.881    
  14.00000      1.501070     -7.426060      296.7690     0.2132770E-10  0.000000      81888.30      1738.832    
  14.00000      2.509040      8.063560      295.5290     0.9568850E-11  0.000000      31725.30      3379.762    
  14.00000     -9.600550     -4.656630      291.6700     0.2311020E-10  0.000000      64956.70      3111.171    
  14.00000      2.181170     -10.66070      291.2510    -0.2037670E-11  0.000000      57256.40      3465.031    
  14.00000     -3.521580      2.076690      300.3360     0.3272930E-10  0.000000      53694.40      1310.951    
  14.00000     -1.468840     -3.362020      300.6180    -0.3561660E-10  0.000000      35917.30      1392.317    
  14.00000      6.582630    -0.8718210      297.9450    -0.3489320E-10  0.000000      11564.20      3085.231    
  14.00000      4.282790      4.063480      298.7560    -0.3829170E-10  0.000000      21686.00      2535.623    
  14.00000     0.5914950      5.426870      299.1980     0.3975010E-10  0.000000      15400.70      2455.828    
  14.00000      5.861900     -5.252220      296.3650     0.1991790E-10  0.000000      27322.70      3257.991    
  14.00000      3.317950     -5.516200      298.1790    -0.3974690E-10  0.000000      73085.30      1660.458    
  14.00000      5.207470     0.4437100      299.4150     0.6247960E-11  0.000000      13992.10      2374.041    
  14.00000     -5.161850    -0.9127650      299.4010     0.3276380E-10  0.000000      30411.30      2093.766    
  14.00000     -2.996730     -5.306820      298.5560    -0.3424110E-10  0.000000      9129.380      2875.620    
  14.00000     -6.876450     0.9002700      297.5920    -0.3132930E-10  0.000000      11697.10      3223.033    
  14.00000      1.044200      9.389630      293.9140    -0.4265350E-10  0.000000      59329.10      2914.507    
  14.00000     -5.052040     0.7282360      299.5250     0.3494900E-10  0.000000      16123.90      2281.406    
  14.00000     -4.094260      3.931070      298.9870    -0.3459620E-10  0.000000      8995.890      2676.807    
  14.00000      3.070020     0.6103210E-01  300.9660    -0.4143740E-10  0.000000      22376.50      1302.088    
  14.00000     -9.351750      3.451250      292.9960    -0.2220860E-10  0.000000      70954.70      2689.268    
  14.00000     -3.616710     -7.052440      296.2870    -0.3448500E-10  0.000000      35970.10      3050.328    
  14.00000     -1.480340     -5.071920      299.3630    -0.3428300E-10  0.000000      10103.70      2469.067    
  14.00000      7.798680     -5.830050      293.4110     0.2936000E-10  0.000000      81523.20      2272.436    
  14.00000      6.309230     -2.862650      297.6010    -0.2714330E-10  0.000000      36698.20      2637.717    
  14.00000      7.879130      4.128580      294.8280     0.2805680E-10  0.000000      40435.60      3305.674    
  14.00000     -5.997360     -4.982160      296.4680    -0.4356960E-10  0.000000      48575.70      2667.357    
  14.00000     -2.070720     -8.978150      294.3080     0.3493600E-10  0.000000      41032.70      3411.421    
  14.00000    -0.3574870      6.366450      298.2470    -0.1100880E-11  0.000000      50980.60      2117.021    
  14.00000      6.756670     -2.108150      297.4160     0.4584060E-10  0.000000      4111.390      3471.862    
  14.00000      5.199920      2.708080      298.7990     0.3883660E-11  0.000000      31962.50      2316.054    
  14.00000      7.094240     -2.109370      297.0010    -0.3492980E-10  0.000000      22829.90      3169.049    
  14.00000     -1.495430    -0.6557810      301.5490     0.4052810E-10  0.000000      29111.20      654.6174    
  14.00000     -2.682900     -3.855280      299.8720     0.3392670E-10  0.000000      16669.80      2088.365    
  14.00000    -0.3924030     -7.965310      296.2180     0.3248700E-10  0.000000      29569.30      3242.312    
  14.00000     -5.422570     -2.995110      298.4480     0.2593050E-10  0.000000      31098.50      2467.985    
  14.00000      6.975460    -0.8478750      297.4790    -0.3412610E-10  0.000000      47543.20      2420.149    
  14.00000     -4.920470     0.2045930      299.6820    -0.3383340E-10  0.000000      47524.40      1683.998    
  14.00000     -10.98100     -2.917610      290.2620     0.4255990E-10  0.000000      78962.90      2780.670    
  14.00000      7.007260     -7.420470      292.5580     0.3163990E-10  0.000000      81352.80      2394.815    
  14.00000      4.782070      3.648020      298.6410    -0.3177280E-10  0.000000      58866.50      1835.441    
  14.00000     -6.514440      2.475170      297.5510    -0.3229600E-10  0.000000      60396.40      2098.568    
  14.00000     0.5168380      6.392980      298.2050     0.1028810E-10  0.000000      14200.80      2920.790    
  14.00000      7.006880     -2.845840      296.7870    -0.3078010E-10  0.000000      34333.50      2947.423    
  14.00000      3.282560      5.236900      298.4630     0.3273000E-10  0.000000      55450.10      1957.961    
  14.00000      9.813150      4.838780      291.1310     0.5036200E-11  0.000000      76075.70      2778.223    
  14.00000      3.834300     -2.203430      300.0900     0.3200270E-10  0.000000      29608.90      1774.163    
  14.00000    -0.2075130    -0.5786200      301.7450    -0.3230030E-12  0.000000      19768.80      265.3029    
  14.00000      7.287060     -3.046510      296.3260     0.3174730E-10  0.000000      42583.50      2863.074    
  14.00000      1.867530      1.541990      301.2740    -0.2348240E-10  0.000000      12013.90      1109.232    
  14.00000     -3.688400      2.956110      299.8480    -0.4665930E-10  0.000000      35019.30      1812.564    
  14.00000    -0.1804790     0.8732390      301.7100    -0.4125290E-10  0.000000      22389.70      377.1482    
  14.00000     -4.447890     -7.032350      295.7150     0.1687310E-10  0.000000      43972.80      2983.426    
  14.00000    -0.4622080E-01  3.745860      300.5690    -0.4429240E-10  0.000000      22008.60      1595.222    
  14.00000      3.704220      2.552440      300.0310    -0.3062220E-11  0.000000      25707.70      1863.556    
  14.00000     -9.809620      2.406830      292.7540    -0.2752540E-10  0.000000      73742.90      2631.015    
  14.00000      2.058460    -0.7754980      301.3620     0.7917640E-11  0.000000      44431.40      770.5637    
  14.00000      5.578570     -4.644540      297.1860     0.2735450E-10  0.000000      77181.20      1778.641    
  14.00000     0.1504620     -6.223820      298.4140    -0.2487180E-10  0.000000      8394.890      2954.226    
  14.00000      6.186040      6.489990      294.7140    -0.1391720E-10  0.000000      50094.30      3039.363    
  14.00000      6.507530      2.175210      297.6820    -0.2793590E-10  0.000000      24664.00      2888.944    
  14.00000     -2.894220    -0.6199460      301.0240     0.3094080E-10  0.000000      1656.340      1458.615    
  14.00000      4.075350      4.836170      298.3050     0.3780870E-10  0.000000      42335.10      2282.587    
  14.00000     -2.351120      9.005010      294.1530     0.4125240E-10  0.000000      54707.70      3015.008    
  14.00000     -1.356380     -12.91460      286.5430    -0.4733250E-11  0.000000      83158.70      3029.132    
  14.00000      3.408200      1.139500      300.6650    -0.4353810E-10  0.000000      48089.90      1218.062    
  14.00000      4.819950     -3.455300      298.7290     0.2012240E-10  0.000000      27339.90      2435.109    
  14.00000      6.651300      3.753460      296.6860     0.4129420E-10  0.000000      29070.20      3112.976    
  14.00000      11.72360     -3.051870      288.6130    -0.1293500E-10  0.000000      75309.80      3135.066    
  14.00000      1.016710     0.3706630      301.6770    -0.3265390E-10  0.000000      36058.50      408.7285    
  14.00000     -4.722370      3.584020      298.7310     0.3483320E-10  0.000000      41027.70      2162.587    
  14.00000     -5.903240     -9.222740      291.1130    -0.1815400E-10  0.000000      62396.80      3295.194    
  14.00000     -5.365090     -3.732220      298.0670     0.1936500E-12  0.000000      38478.50      2445.277    
  14.00000      7.508010     -8.505630      290.2980    -0.2080680E-10  0.000000      70671.80      3100.271    
  14.00000     -6.295660     0.1161760      298.3360     0.4561010E-10  0.000000      28456.70      2565.314    
  14.00000      7.798310    -0.5918080      296.4340     0.3869100E-10  0.000000      79708.50      1854.481    
  14.00000      2.918640     -2.715030      300.4080     0.2301490E-10  0.000000      5842.650      1912.869    
  14.00000    -0.2174020E-01 -5.313600      299.3350     0.2432310E-10  0.000000      42979.80      1899.769    
  14.00000     -11.62720      1.693740      289.4270    -0.2685680E-10  0.000000      73859.90      3091.073    
  14.00000     -6.819600     -7.256430      293.0150     0.4266090E-11  0.000000      56850.30      3165.671    
  14.00000     -10.02240      6.209170      289.3400     0.2445160E-10  0.000000      68523.10      3319.991    
  14.00000      4.703010      2.122930      299.4750    -0.3257360E-10  0.000000      9465.900      2421.403    
  14.00000      6.181930      9.731850      289.9060    -0.2628730E-10  0.000000      74133.50      3017.146    
  14.00000     -3.382080     -4.104900      299.3300     0.3339640E-10  0.000000      29507.70      2140.993    
  14.00000     -2.674810     -2.949670      300.4110    -0.2043240E-10  0.000000      45639.10      1383.271    
  14.00000     -5.580100     -1.878020      298.7730     0.1984170E-10  0.000000      43647.60      2095.792    
  14.00000      3.297230     -6.497220      297.1510     0.1597900E-10  0.000000      26939.70      3017.374    
  14.00000    -0.2822890     -13.02110      286.4470     0.1396280E-10  0.000000      76443.60      3344.459    
  14.00000     -1.492320      7.136020      297.1460     0.3124910E-10  0.000000      30859.90      2923.068    
  14.00000     -9.659790    -0.6411470      293.5090    -0.3395910E-10  0.000000      46295.20      3420.579    
  14.00000      8.381260     -2.079000      295.2370    -0.1543950E-10  0.000000      58182.90      2685.520    
  14.00000     0.2079920     -2.717580      301.1390    -0.2768020E-10  0.000000      71612.70      709.4622    
  14.00000     -3.434890     -5.376100      298.2440    -0.1120870E-10  0.000000      50340.10      2131.822    
  14.00000     -3.882440     -9.041480      222.3990     -12.90380      0.000000      84175.10      2912.351    
  14.00000      6.117910      3.030210      297.7230    -0.3155070E-10  0.000000      49055.00      2314.817    
  14.00000      4.306130     -3.872590      298.8710    -0.4562420E-10  0.000000      34965.50      2229.071    
  14.00000     -4.669300     -5.730480      297.0140     0.1576710E-10  0.000000      26918.10      3063.202    
  14.00000      3.135450      4.923940      298.8240     0.2843140E-10  0.000000      68354.40      1594.935    
  14.00000     -1.837780      1.591180      301.2700     0.3237860E-10  0.000000      29577.40      971.6722    
  14.00000      7.581230      2.502340      296.2050    -0.2222380E-10  0.000000      62243.90      2365.266    
  14.00000      1.559550      1.735820      301.3100    -0.4252860E-10  0.000000      22293.90      989.0260    
  14.00000    -0.5028020E-01  6.835250      297.7130     0.4583220E-10  0.000000      4110.670      3349.592    
  14.00000     -3.060270      5.628580      298.2130     0.4324200E-10  0.000000      2442.330      3170.089    
  14.00000     0.1305620      7.464880      296.9160     0.1536610E-10  0.000000      14425.20      3409.060    
  14.00000      3.162650      2.692680      300.2900     0.4521840E-10  0.000000      4059.620      2018.670    
  14.00000      1.428690     -1.642390      301.3710     0.8795790E-13  0.000000      38474.00      805.5633    
  14.00000     -9.202200     -8.860640      287.0600     0.3572060E-10  0.000000      79892.50      3119.898    
  14.00000    -0.1538420      7.197720      297.2620    -0.3156170E-10  0.000000      9827.230      3394.833    
  14.00000     -6.189780      1.527690      298.2480    -0.3263400E-10  0.000000      9454.050      3004.389    
  14.00000      6.159210     -5.006640      296.2710    -0.5712350E-11  0.000000      75614.00      1992.876    
  14.00000     -1.963040     -3.510560      300.3830    -0.3283230E-10  0.000000      23256.70      1697.095    
  14.00000      3.266740      8.818140      293.9890    -0.6686140E-11  0.000000      57573.80      2956.424    
  14.00000      3.124210     -3.695080      299.7550     0.4567450E-10  0.000000      28460.30      1961.970    
  14.00000     -4.765420     -1.104830      299.7100     0.3272940E-10  0.000000      29552.10      1965.931    
  14.00000      4.850060     -7.860450      294.2710     0.3090600E-10  0.000000      67582.80      2586.841    
  14.00000      6.925300      1.601630      297.3780    -0.6995610E-11  0.000000      13278.40      3267.996    
  14.00000     -2.465040      6.255630      297.8470    -0.1920970E-10  0.000000      33058.10      2639.921    
  14.00000      6.157980     -3.076010      297.6550    -0.2985380E-10  0.000000      24593.60      2900.119    
  14.00000     -2.860080     -10.27640      291.6770    -0.2058780E-11  0.000000      57257.80      3391.694    
  14.00000      5.631720      2.019290      298.6740    -0.3461270E-10  0.000000      8933.950      2825.719    
  14.00000     -6.264340     -3.699610      297.1650     0.1000070E-10  0.000000      69089.30      1980.867    
  14.00000     -7.851000     -5.348260      293.8250     0.2696930E-10  0.000000      77098.30      2356.967    
  14.00000     -6.633130      6.955070      293.6320     0.2205110E-10  0.000000      43279.40      3493.121    
  14.00000     -7.753650     -7.973560      290.7630     0.3079850E-10  0.000000      80713.80      2650.250    
  14.00000      8.842460      7.030820      290.3990     0.1168520E-11  0.000000      82837.70      2612.717    
  14.00000      5.309880      5.481350      296.6940     0.4323190E-10  0.000000      28344.00      3129.216    
  14.00000      2.646060      2.999680      300.3980     0.4132750E-10  0.000000      78885.90      946.9232    
  14.00000      2.331510      7.729290      296.0770     0.2711490E-10  0.000000      42794.40      2923.229    
  14.00000     -1.940320     -3.002180      300.6770    -0.2389930E-10  0.000000      8358.730      1683.914    
  14.00000      5.062290      2.296850      299.1020    -0.3378370E-10  0.000000      22923.30      2361.794    
  14.00000      8.589690      2.310620      294.8280    -0.2608080E-11  0.000000      50897.30      2989.955    
  14.00000      1.002400      8.219810      295.7740     0.3513010E-10  0.000000      42443.80      3011.222    
  14.00000      6.952460     -1.136440      297.4570    -0.3123430E-10  0.000000      61905.10      2086.367    
  14.00000     -2.032890     -1.354770      301.2650    -0.2883720E-10  0.000000      34243.70      938.6678    
  14.00000      4.556770      5.108430      297.7010     0.1496310E-10  0.000000      26836.70      2832.064    
  14.00000     -5.077260     -5.049430      297.3110    -0.3317380E-10  0.000000      60308.30      2160.208    
  14.00000     0.8454450     -6.681940      297.8330    -0.3245130E-10  0.000000      23125.50      2869.147    
  14.00000     -6.189720      7.817000      292.9910    -0.3443760E-10  0.000000      47562.80      3486.071    
  14.00000     0.2373430     -5.099180      299.5250     0.5335050E-11  0.000000      51335.70      1681.501    
  14.00000      7.508820     0.5430650      296.8330     0.6482390E-11  0.000000      14004.60      3449.186    
  14.00000     -3.469280     -4.105610      299.2780     0.1081420E-10  0.000000      19051.60      2351.872    
  14.00000      5.641220     0.1065880      105.6390     -208.2740      0.000000      85162.40      3463.006    
  14.00000     0.3906360      4.489190      300.0250    -0.3301360E-10  0.000000      23004.20      1907.383    
  14.00000     -3.061620     -9.386310      293.1680     0.1372330E-10  0.000000      68941.80      2729.795    
  14.00000      1.425220      3.023910      300.8160    -0.2394690E-10  0.000000      33837.60      1290.904    
  14.00000     -10.38440     -3.527990      291.0780     0.4465810E-10  0.000000      66213.50      3156.937    
  14.00000     -4.206620      8.560440      293.7580     0.1136380E-10  0.000000      63901.20      2795.585    
  14.00000    -0.5847730     -2.160010      301.3470    -0.2165440E-10  0.000000      33386.90      865.9553    
  14.00000     -11.65630     -4.312890      287.8860    -0.1890340E-10  0.000000      70441.70      3434.690    
  14.00000      12.71230     -3.295450      286.1760    -0.1062350E-10  0.000000      83486.60      3052.273    
  14.00000      6.273980     0.9136010      298.2880    -0.2403670E-10  0.000000      24805.60      2661.023    
  14.00000      4.966910     -5.763920      296.7250     0.3406810E-10  0.000000      53540.40      2473.456    
  14.00000     -1.426870     -7.292070      296.9630    -0.3044240E-10  0.000000      46032.00      2601.400    
  14.00000      3.708720     -3.351640      299.6180    -0.2091130E-10  0.000000      33258.20      1947.713    
  14.00000      4.988920      7.675850      294.4060     0.2859750E-10  0.000000      52326.90      3037.184    
  14.00000      4.332340    -0.1832290      300.1550     0.2162830E-10  0.000000      6079.040      2079.165    
  14.00000     0.7738260     -8.396600      295.5480    -0.2177250E-10  0.000000      70859.00      2257.946    
  14.00000     -5.961050    -0.6751130E-01  298.6960     0.3751890E-10  0.000000      3057.740      2932.702    
  14.00000      6.760070      1.065000      297.7040    -0.2292880E-10  0.000000      12040.60      3171.331    
  14.00000      8.129630      3.644510      294.8060    -0.1219610E-10  0.000000      83584.60      2007.104    
  14.00000      8.536500     -1.258190      295.2470    -0.4666830E-11  0.000000      75658.60      2172.660    
  14.00000      6.549310      1.200710      297.9240     0.4734200E-10  0.000000      4398.390      3254.130    
  14.00000     -4.379930      2.287140      299.6680     0.2885260E-10  0.000000      18225.20      2172.794    
  14.00000     -2.125980     -6.117490      298.1340     0.7726900E-11  0.000000      26273.50      2687.716    
  14.00000     -8.552800     -5.693240      292.4310     0.1703640E-10  0.000000      68812.90      2852.464    
  14.00000     -2.702710      1.987270      300.8090     0.4069020E-10  0.000000      2726.070      1642.428    
  14.00000     -9.110870     -7.823030      288.8520    -0.8522630E-11  0.000000      83366.70      2770.194    
  14.00000      7.709180    -0.3295120      296.5790     0.1655300E-10  0.000000      31456.30      3084.201    
  14.00000     -5.538660     -1.009680      299.0330    -0.3385620E-10  0.000000      46475.40      1949.073    
  14.00000     -4.768010    -0.9270600      299.7390    -0.3716500E-10  0.000000      60013.70      1458.237    
  14.00000    -0.6303220      4.304020      300.1450    -0.3384850E-10  0.000000      8802.280      2046.345    
  14.00000     -4.478870      1.264730      299.9070     0.3921840E-10  0.000000      54545.70      1481.277    
  14.00000      4.749200      1.764950      299.5580    -0.5284140E-12  0.000000      38447.90      1886.728    
  14.00000     -8.259720      2.367280      295.3040    -0.2936920E-10  0.000000      58777.50      2654.240    
  14.00000     0.8313650    -0.4651780      301.7000     0.4606790E-10  0.000000      65976.30      265.3162    
  14.00000      2.033830    -0.7918690      301.3680    -0.1806390E-10  0.000000      8143.700      1027.343    
  14.00000      7.291910      7.087370      292.6280    -0.5780140E-11  0.000000      62946.80      3025.067    
  14.00000     -6.625380     -3.263640      297.0220     0.3689620E-10  0.000000      29305.60      3001.124    
  14.00000      5.167260     -1.649410      299.2310     0.1919420E-10  0.000000      27258.40      2224.923    
  14.00000     -3.194230     -3.007830      300.1170     0.3796360E-10  0.000000      15276.60      1969.561    
  14.00000     -1.936920      6.002840      298.3240     0.3215420E-11  0.000000      19545.90      2758.248    
  14.00000    -0.4669790     -8.441580      295.5140     0.4584030E-10  0.000000      28799.70      3467.471    
  14.00000     -2.910790      2.640540      300.4460    -0.3263010E-10  0.000000      9454.810      1838.423    
  14.00000     -5.607370     -5.074870      296.7870    -0.1805990E-10  0.000000      37722.90      2861.097    
  14.00000     -8.086250     -1.149930      295.9400     0.1590720E-10  0.000000      76523.00      2027.881    
  14.00000     -7.792420     -2.618820      295.8630     0.3909320E-10  0.000000      52993.40      2695.379    
  14.00000    -0.2150240      5.019660      299.5960     0.3482730E-10  0.000000      18008.80      2213.509    
  14.00000     -6.013400     -5.696720      295.7700     0.3173840E-10  0.000000      29633.20      3370.992    
  14.00000      2.552750     0.4510040      301.2000     0.8232930E-11  0.000000      31778.80      1017.473    
  14.00000     -2.604100     -6.513060      297.4950     0.4393630E-10  0.000000      3960.390      3443.335    
  14.00000      4.309300     -3.871720      298.8700    -0.3767280E-10  0.000000      72057.30      1510.796    
  14.00000    -0.6329120     -3.761610      300.5240     0.4171860E-10  0.000000      4744.020      1843.702    
  14.00000     -1.987620      1.021320      301.3490    -0.2061530E-10  0.000000      12170.90      1022.077    
  14.00000     -4.138410     -6.057900      297.0860     0.3354910E-10  0.000000      15092.10      3331.544    
  14.00000     -7.411640     -8.882200      289.8220     0.6257590E-11  0.000000      82564.00      2691.724    
  14.00000     -2.311360      1.140180      301.2070     0.2800390E-10  0.000000      40237.90      939.1819    
  14.00000     -5.672490     -2.494630      298.4460     0.4321210E-10  0.000000      79007.90      1474.048    
  14.00000      8.303640      4.321860      294.0610     0.3449050E-10  0.000000      53496.90      3072.045    
  14.00000      1.446190     -3.654410      300.4460     0.3109230E-10  0.000000      30001.20      1569.715    
  14.00000     -5.032820      6.406720      295.9700    -0.2586630E-10  0.000000      58646.50      2514.669    
  14.00000     -3.876740      5.788150      297.5540     0.2327300E-11  0.000000      19602.50      3052.929    
  14.00000      7.296340     -3.484680      296.0590     0.3082950E-10  0.000000      29900.60      3280.073    
  14.00000     -3.079860     -1.785520      300.6860     0.4746220E-10  0.000000      4337.600      1724.585    
  14.00000      5.946290     -3.156860      297.8370    -0.2250290E-10  0.000000      8307.120      3202.832    
  14.00000     -3.542930      3.053990      299.8880    -0.2746710E-10  0.000000      49213.30      1572.027    
  14.00000      6.129050      3.844010      297.2170     0.3212000E-10  0.000000      15038.70      3285.181    
  14.00000     -3.749880     -6.740360      296.5830     0.3899230E-10  0.000000      15712.20      3492.425    
  14.00000     -3.597930      2.090100      300.2850    -0.2088440E-10  0.000000      12153.30      1910.102    
  14.00000     -1.343190    -0.8245190      301.5650    -0.9252460E-11  0.000000      13137.80      715.2825    
  14.00000      7.919350     0.9724730E-01  296.2950     0.3698340E-10  0.000000      29300.80      3226.282    
  14.00000     -5.140230      3.621670      298.3460    -0.2088050E-10  0.000000      33253.50      2460.557    
  14.00000     -4.827480      7.697980      294.5180    -0.2523930E-10  0.000000      74654.30      2324.559    
  14.00000     0.3976790      5.456170      299.1870     0.2479610E-10  0.000000      14774.40      2472.604    
  14.00000     0.1827060E-01  5.282100      299.3640     0.4352010E-10  0.000000      28947.20      2135.917    
  14.00000     -7.081270    -0.9262110      297.3360    -0.4531360E-10  0.000000      72806.50      1854.078    
  14.00000      1.020240      4.491280      299.9460     0.4327370E-10  0.000000      17635.00      2032.478    
  14.00000    -0.6202450      12.26950      288.2210     0.4260580E-10  0.000000      78966.00      3027.762    
  14.00000      8.845330      2.418900      294.3810     0.2403120E-10  0.000000      68539.90      2537.522    
  14.00000     -5.523950      4.682200      297.2090    -0.2787610E-10  0.000000      62033.40      2143.260    
  14.00000     -1.253770      2.953790      300.8920    -0.2275600E-10  0.000000      33610.00      1241.242    
  14.00000     -1.593560     -9.457960      293.6660    -0.1132460E-10  0.000000      70037.00      2611.629    
  14.00000      4.872360      5.712550      296.8600     0.2988050E-10  0.000000      52374.30      2469.156    
  14.00000      1.439700      7.461730      296.7380    -0.7925300E-11  0.000000      50589.10      2545.877    
  14.00000     -2.969530     -4.491090      299.2690     0.4081490E-10  0.000000      4785.350      2612.509    
  14.00000     -5.211300      1.327100      299.2750    -0.1941320E-10  0.000000      8193.420      2548.100    
  14.00000     -6.167550      4.157720      296.9530    -0.4413110E-10  0.000000      10659.70      3490.205    
  14.00000      6.022110     0.2251210      298.6280    -0.1890390E-10  0.000000      33032.80      2360.399    
  14.00000     -3.462590     -2.256200      300.3050     0.2524170E-10  0.000000      31125.60      1635.947    
  14.00000     -4.710140     -5.079730      297.6020    -0.3345030E-10  0.000000      34449.20      2689.728    
  14.00000     -8.164490      1.029670      295.8500    -0.4824570E-10  0.000000      35262.80      3191.452    
  14.00000      2.042910     -1.910400      301.1050     0.4568250E-10  0.000000      28460.70      1128.986    
  14.00000     -3.482860     -1.915990      300.4160    -0.3026050E-10  0.000000      49104.40      1335.045    
  14.00000     -7.964850     -6.474470      205.1110     -167.6890      0.000000      84934.10      3256.098    
  14.00000     -2.720290      3.307870      300.1950    -0.3443230E-10  0.000000      11581.30      1974.760    
  14.00000      2.628400     -4.340330      299.5520    -0.3295680E-10  0.000000      8738.730      2392.841    
  14.00000      2.424670     -5.847720      298.2990     0.3170050E-11  0.000000      7267.100      3029.063    
  14.00000      6.319780     -2.495780      297.7620    -0.4289700E-10  0.000000      48050.30      2326.429    
  14.00000     -7.207770     -3.531200      296.1440    -0.2650850E-10  0.000000      24715.90      3395.532    
  14.00000      3.547520      4.338730      299.0580     0.2801530E-10  0.000000      40192.20      2057.823    
  14.00000      5.722320      1.447570      298.7580     0.4715190E-10  0.000000      41643.00      2140.814    
  14.00000     -10.02750      6.718420      288.7130    -0.4475420E-10  0.000000      72372.40      3245.351    
  14.00000      2.036670     -3.690780      300.2450     0.2013920E-11  0.000000      19622.30      1830.500    
  14.00000     -3.359810     -5.332850      298.3290    -0.3122940E-11  0.000000      44941.60      2219.635    
  14.00000     -3.232300      4.536190      299.0910     0.2430040E-10  0.000000      5656.770      2688.113    
  14.00000     0.2507650     -6.954130      297.5630     0.3117240E-10  0.000000      15003.90      3156.947    
  14.00000     -4.712100      5.164240      297.5240     0.1098110E-10  0.000000      44288.30      2483.915    
  14.00000     -6.060380     -4.466150      296.8330    -0.4827800E-10  0.000000      35258.40      2910.069    
  14.00000     -3.697570      6.132800      297.3110    -0.4217330E-10  0.000000      59294.30      2184.799    
  14.00000     -1.358850      3.310780      300.6750     0.2404360E-10  0.000000      43006.80      1273.489    
  14.00000     -2.317300     -6.097630      298.0810    -0.3401910E-10  0.000000      22902.80      2781.355    
  14.00000     -5.164140     -5.171540      297.1220    -0.3427010E-10  0.000000      35980.20      2804.592    
  14.00000     -3.915050      3.626240      299.3140     0.4708270E-10  0.000000      4236.950      2598.779    
  14.00000     -7.597880      2.234580      296.2960     0.3869090E-10  0.000000      54506.40      2552.439    
  14.00000      2.754440      3.470110      300.0840    -0.4832680E-10  0.000000      35156.60      1695.539    
  14.00000     -4.776390     -1.042520      299.7120    -0.3251690E-10  0.000000      23188.00      2068.531    
  14.00000    -0.5826790     -5.072730      299.5230    -0.3144220E-10  0.000000      73477.70      1304.505    
  14.00000      2.942590     -9.076850      293.7520     0.4249100E-11  0.000000      44600.90      3423.666    
  14.00000     -1.557870    -0.3789890      301.5570    -0.6721930E-12  0.000000      19790.60      692.2922    
  14.00000     -3.737110     -6.685560      296.6570     0.3028060E-10  0.000000      27842.70      3153.885    
  14.00000     -3.178610     -2.936410      300.1620     0.2067320E-10  0.000000      1276.070      2144.117    
  14.00000     -5.828440     -1.605660      298.6080    -0.2734930E-10  0.000000      36561.50      2296.656    
  14.00000      2.420010     -3.533610      300.1950     0.1199450E-10  0.000000      856.8340      2127.812    
  14.00000     -4.429190      4.185190      298.5570    -0.3246310E-10  0.000000      36068.00      2325.421    
  14.00000     -4.515010     -2.552820      299.4510     0.3788090E-10  0.000000      42332.20      1864.893    
  14.00000     -3.402250      2.704140      300.1480     0.1643170E-10  0.000000      6648.120      2075.665    
  14.00000      3.358150      10.14290      291.6430     0.4232930E-10  0.000000      78947.90      2602.999    
  14.00000     -5.107190      3.821870      298.2440    -0.3759430E-10  0.000000      61580.30      1891.131    
  14.00000      6.675970     -1.261020      297.7630    -0.3150370E-10  0.000000      9799.540      3198.937    
  14.00000      6.545860     0.9539760      297.9750    -0.5783980E-11  0.000000      13346.90      3033.682    
  14.00000     -2.689160     -3.171630      300.2870     0.3877560E-10  0.000000      29204.60      1672.714    
  14.00000     -4.328050     -4.059960      298.7250    -0.1282390E-10  0.000000      20606.30      2570.438    
  14.00000      1.155980     0.6726560      301.6240     0.2975330E-10  0.000000      40743.40      484.4594    
  14.00000    -0.4547700     -8.748520      295.0420     0.2762020E-10  0.000000      77461.40      2153.803    
  14.00000    -0.6719350     0.2581940      301.7330     0.1716260E-10  0.000000      39169.80      264.4037    
  14.00000    -0.3842280      3.176680      300.8970     0.5246100E-11  0.000000      446.2420      1590.401    
  14.00000      5.927100      2.927490      297.9800    -0.3241210E-10  0.000000      46781.00      2289.901    
  14.00000     -1.057830      2.370200      301.1990    -0.3814000E-10  0.000000      23878.80      1086.834    
  14.00000     -9.492090      4.160560      292.2620     0.3510990E-10  0.000000      52576.80      3454.717    
  14.00000      4.804400     -2.013700      299.4310    -0.4151990E-10  0.000000      22370.50      2220.430    
  14.00000     -1.260620     -4.824190      299.6290    -0.9309060E-12  0.000000      13608.80      2269.710    
  14.00000     -2.066180     -5.482250      298.8030     0.2159500E-10  0.000000      68636.00      1595.318    
  14.00000     -2.267880     0.3337980      301.3260    -0.3311470E-12  0.000000      7424.410      1084.632    
  14.00000      3.176310     -5.606330      298.1720     0.3519930E-10  0.000000      16098.40      2893.656    
  14.00000      5.825690      6.345740      295.2700     0.3256970E-10  0.000000      30361.20      3490.402    
  14.00000     -9.530020     -3.730730      292.5060     0.2400830E-10  0.000000      65001.20      2973.949    
  14.00000      1.575780     -4.911710      299.4770     0.8547770E-11  0.000000      649.5500      2572.462    
  14.00000      3.353590      8.908210      293.7920     0.2264270E-10  0.000000      43186.90      3460.631    
  14.00000    -0.6213490      3.769990      300.5200    -0.4410620E-10  0.000000      48126.70      1295.230    
  14.00000     -3.986940     -9.395820      292.5570     0.4205590E-10  0.000000      78930.50      2479.470    
  14.00000      5.618030     0.5535760      299.0180     0.2170450E-10  0.000000      6065.860      2717.369    
  14.00000     -2.300870      5.576810      298.6210    -0.4713680E-10  0.000000      10883.30      2810.468    
  14.00000      4.125590      2.493350      299.7700    -0.3194380E-10  0.000000      9600.090      2257.727    
  14.00000     0.9051430     0.6213110      301.6740    -0.1380620E-10  0.000000      25189.60      454.2160    
  14.00000     -2.265690     -7.278700      296.7060     0.2455640E-10  0.000000      27608.00      3144.580    
  14.00000      2.993740     -5.381910      298.4870    -0.1121820E-10  0.000000      12990.10      2826.854    
  14.00000     -6.286950     -5.641320      295.5260    -0.4505060E-10  0.000000      34937.90      3288.776    
  14.00000     0.7038890E-01  7.018710      297.4890     0.2211000E-10  0.000000      5995.510      3397.694    
  14.00000     -5.228220     -4.871110      297.3300    -0.2038590E-10  0.000000      33183.10      2807.475    
  14.00000     -4.354950      6.182050      296.7880    -0.1573700E-10  0.000000      45462.00      2663.561    
  14.00000     -4.841120     -6.335550      296.2200     0.3435530E-10  0.000000      53510.70      2597.228    
  14.00000     -7.571100     -6.418500      293.0730    -0.7846640E-11  0.000000      69879.10      2713.497    
  14.00000      5.004240     -3.067180      298.7920     0.2158770E-10  0.000000      6086.050      2827.019    
  14.00000      7.616710      8.313880      290.4440    -0.1227950E-10  0.000000      83590.10      2578.118    
  14.00000     -7.742340     -6.499820      292.7390     0.7008580E-11  0.000000      51427.30      3403.952    
  14.00000     -2.893660     -10.55490      291.1250     0.5224310E-12  0.000000      69499.80      3026.273    
  14.00000     -1.952030      3.897760      300.1380     0.1108770E-10  0.000000      19033.90      1902.166    
  14.00000     -9.032950      3.045460      293.7680    -0.8116950E-11  0.000000      75512.30      2417.063    
  14.00000     0.6098330E-01  2.220160      301.3540     0.2317520E-10  0.000000      5817.000      1062.637    
  14.00000      8.155500    -0.8302160      295.8960     0.1832090E-10  0.000000      56000.50      2604.208    
  14.00000     0.7504870      6.809350      297.6950     0.3940330E-10  0.000000      52911.90      2234.200    
  14.00000      4.876330     -2.807130      299.0360    -0.2469540E-10  0.000000      33948.20      2183.605    
  14.00000     -2.376300      6.034860      298.1230     0.2654420E-10  0.000000      65112.70      1846.778    
  14.00000      3.671240     -2.533580      300.0600     0.9524400E-11  0.000000      19135.40      1945.397    
  14.00000      6.007820      3.366670      297.6510    -0.2702440E-10  0.000000      36834.70      2618.334    
  14.00000      4.731210     -6.187250      296.4790     0.5525480E-11  0.000000      76096.30      1941.540    
  14.00000      4.681290     -2.971130      299.1160     0.8695680E-12  0.000000      82853.90      1244.652    
  14.00000      3.273770      11.77880      288.3590    -0.1755540E-10  0.000000      75113.80      3174.881    
  14.00000    -0.8842230      4.601510      299.8820    -0.9052850E-11  0.000000      20348.00      2025.830    
  14.00000     -1.746890      2.299310      301.0610    -0.4107390E-10  0.000000      73023.40      738.3239    
  14.00000     -1.858910      1.324490      301.3300     0.3038340E-10  0.000000      80575.20      525.8763    
  14.00000     -10.38480     0.6144960      292.1870     0.3661990E-10  0.000000      78620.10      2541.395    
  14.00000    -0.2565300     -2.529530      301.2220    -0.1490200E-11  0.000000      25789.40      1048.416    
  14.00000      2.498160     -6.258160      297.8300     0.1790610E-10  0.000000      27134.80      2779.804    
  14.00000    -0.1285270     -4.720210      299.8520    -0.4733140E-10  0.000000      10981.50      2189.213    
  14.00000      3.519270    -0.9155660      300.6390     0.7326540E-11  0.000000      574.9240      1807.390    
  14.00000      7.676340      3.786080      295.3540    -0.3742840E-11  0.000000      50834.30      2873.782    
  14.00000     0.4421740     -7.833270      296.4000     0.2444910E-10  0.000000      39482.70      2925.405    
  14.00000     -1.731480      4.983890      299.3700     0.9115790E-11  0.000000      38847.20      1958.956    
  14.00000      6.054070      1.493830      298.4030    -0.1983930E-10  0.000000      33117.30      2442.466    
  14.00000      2.696820     -1.901200      300.8410     0.4229080E-10  0.000000      29016.00      1326.945    
  14.00000     -8.936130      4.446230      292.9730     0.3048710E-10  0.000000      67473.80      2811.544    
  14.00000     -2.082280     -5.601190      298.6810     0.3284260E-10  0.000000      16534.40      2670.250    
  14.00000     -3.531580      1.945060      300.3760    -0.4574560E-10  0.000000      48439.50      1363.193    
  14.00000     -3.685410      5.177920      190.6710     -174.9160      0.000000      84976.30      2167.408    
  14.00000     -4.331070     -5.386340      297.6210     0.2829830E-10  0.000000      40553.50      2541.673    
  14.00000      3.613950      2.205000      300.2320     0.3054510E-10  0.000000      1642.020      2091.969    
  14.00000     0.2131340      4.346250      300.1440     0.4110680E-11  0.000000      7224.900      2069.946    
  14.00000      3.258280     0.9646940      300.7840     0.4425640E-11  0.000000      13895.10      1537.638    
  14.00000     -8.447000     -1.159710      295.4050     0.1094530E-10  0.000000      56409.80      2701.282    
  14.00000      2.652410     0.4750110      301.1530    -0.3003080E-10  0.000000      36202.40      1018.220    
  14.00000      1.045650     -2.519030      301.1380    -0.1970840E-10  0.000000      58402.20      829.6094    
  14.00000      1.877290      5.626100      120.2020     -81.25730      0.000000      84505.10      3231.667    
  14.00000     -3.333790      4.688890      298.9100    -0.1985600E-11  0.000000      13552.40      2626.264    
  14.00000      1.513180      7.336380      296.8830    -0.1478880E-11  0.000000      57220.20      2340.974    
  14.00000    -0.4559160      6.583570      129.2910     -47.21550      0.000000      84357.10      3350.578    
  14.00000     -3.562940     -1.037410      300.5910     0.3939110E-10  0.000000      52882.90      1198.943    
  14.00000      6.941160     -1.885840      297.2710    -0.3682380E-10  0.000000      10255.10      3381.273    
  14.00000     0.4268680     -7.623690      296.6890     0.3746050E-10  0.000000      29275.00      3106.996    
  14.00000     -3.417580      1.065720      300.6740    -0.8206280E-11  0.000000      20289.60      1544.360    
  14.00000      2.453770     -9.246210      293.7100    -0.4294670E-10  0.000000      72285.60      2531.192    
  14.00000      4.212500     -7.380440      295.4480     0.3233110E-10  0.000000      53979.40      2761.851    
  14.00000      1.755380     0.2430360      301.5080     0.3146580E-10  0.000000      29659.80      707.3041    
  14.00000     -1.290670     -6.486510      297.9760     0.3950580E-10  0.000000      3629.870      3248.731    
  14.00000      1.457310      6.958620      297.3760     0.1063410E-10  0.000000      19063.20      3130.400    
  14.00000    -0.6630010     -9.942880      293.0020     0.1989240E-10  0.000000      64743.20      2899.573    
  14.00000      5.119530     -7.352760      294.7250     0.2780680E-10  0.000000      68382.40      2481.137    
  14.00000      9.592360     -1.983330      293.3070    -0.3795240E-10  0.000000      47768.00      3414.130    
  14.00000      4.722070      7.430490      294.9730    -0.1966940E-10  0.000000      33100.20      3489.078    
  14.00000     -8.164980     -1.616580      295.7110     0.2784920E-10  0.000000      31020.50      3348.955    
  14.00000      6.101860     -6.118120      295.2290     0.2800720E-10  0.000000      40222.90      3212.984    
  14.00000    -0.2056180     -2.147140      301.3780     0.3370510E-10  0.000000      65398.60      605.4924    
  14.00000     -2.588170     -6.075960      297.9870    -0.3828820E-10  0.000000      35795.50      2531.095    
  14.00000     -6.685970      9.046550      290.4990     0.4422570E-10  0.000000      79314.30      2737.189    
  14.00000      7.959890      4.912050      294.0740     0.1649340E-10  0.000000      68834.00      2581.618    
  14.00000     -7.435740      1.842160      296.6550     0.3835000E-10  0.000000      15783.90      3465.868    
  14.00000      2.552080      7.182050      296.7070     0.3446110E-10  0.000000      41009.50      2799.820    
  14.00000      3.375630      2.502550      300.2550     0.2459150E-11  0.000000      25994.60      1735.468    
  14.00000      1.559460      8.939430      294.5380     0.1820940E-10  0.000000      39212.10      3413.269    
  14.00000     -3.543130      8.003660      295.0540    -0.4455920E-11  0.000000      57418.40      2746.456    
  14.00000     0.7015240      1.102610      301.6310    -0.1240970E-10  0.000000      25248.00      540.5063    
  14.00000     -8.310040     -1.086660      295.6250    -0.1359500E-10  0.000000      32742.50      3324.178    
  14.00000     -1.231930     -4.687670      299.7480     0.1999310E-10  0.000000      64751.80      1378.441    
  14.00000      4.555710      6.958480      295.7200    -0.5220490E-11  0.000000      57471.10      2602.382    
  14.00000     -2.706100      3.848300      299.8660     0.2746010E-10  0.000000      39720.80      1730.137    
  14.00000    -0.6097640     -7.338820      297.0500    -0.3349550E-10  0.000000      46568.20      2564.157    
  14.00000      1.208820     -2.316340      301.1910     0.3559240E-10  0.000000      15171.90      1169.615    
  14.00000     -9.409290      1.235790      293.8410     0.3060140E-10  0.000000      67504.80      2664.323    
  14.00000     -4.764340     -6.798630      295.7430     0.6966080E-11  0.000000      69214.20      2267.745    
  14.00000      1.724510     -5.921990      298.4770    -0.4058220E-10  0.000000      11349.90      2865.179    
  14.00000     0.9514310    -0.7563250      301.6510     0.3441410E-10  0.000000      16714.00      537.0399    
  14.00000     -3.539420      8.486100      294.3400     0.2284070E-10  0.000000      43158.00      3337.547    
  14.00000      2.098830      12.42280      287.4830    -0.4738750E-10  0.000000      72602.10      3391.938    
  14.00000     -1.580080      3.131030      300.7190    -0.3362130E-10  0.000000      9264.330      1641.330    
  14.00000     -2.673110      4.636160      299.3000     0.1315200E-10  0.000000      64059.50      1536.646    
  14.00000     -5.313790     -7.258030      294.6670    -0.9255160E-11  0.000000      62769.60      2662.882    
  14.00000     -5.807750      1.798050      298.5720    -0.2543670E-10  0.000000      37338.50      2294.086    
  14.00000      1.689270     0.4438030      301.5160    -0.8543080E-11  0.000000      20312.80      751.2405    
  14.00000     -3.004770      6.535820      297.2700     0.2388920E-10  0.000000      43022.70      2588.673    
  14.00000      6.051810      5.020630      296.3750    -0.3421520E-10  0.000000      22886.30      3372.519    
  14.00000     -1.055900      3.821000      300.4230    -0.2143390E-10  0.000000      49481.20      1326.389    
  14.00000      4.860290     -4.529760      297.9410     0.1850990E-10  0.000000      27193.90      2738.492    
  14.00000     -4.751950     -3.713870      298.6230    -0.3011530E-10  0.000000      36196.90      2298.399    
  14.00000     -5.415660      1.225930      299.1080     0.2194420E-10  0.000000      6024.290      2672.785    
  14.00000      4.521360      1.339840      299.8570     0.4715620E-10  0.000000      4425.320      2289.382    
  14.00000     -11.46060      2.958500      289.2370    -0.1054540E-10  0.000000      75410.10      3052.406    
  14.00000     -1.467010     -4.794980      299.6040     0.3746420E-10  0.000000      17910.10      2210.746    
  14.00000      5.943990      1.528900      298.5100    -0.3078000E-10  0.000000      8627.320      2906.673    
  14.00000      1.309770    -0.9089470      301.5600    -0.2413100E-10  0.000000      24802.10      661.8871    
  14.00000      6.120430     0.5618810      298.5000     0.2762990E-10  0.000000      77415.20      1494.534    
  14.00000     -6.532110     0.6219990      298.0360    -0.3332550E-10  0.000000      47490.70      2256.878    
  14.00000    -0.4156510      1.809210      301.4820     0.1714960E-10  0.000000      6604.960      882.9392    
  14.00000      8.760870      3.144370      294.1510    -0.5755940E-11  0.000000      57508.40      2926.786    
  14.00000     -4.078200     -2.477140      299.8110     0.4779970E-11  0.000000      56816.60      1483.040    
  14.00000     0.6750480     0.9424180      301.6630    -0.3704380E-10  0.000000      61273.60      340.9611    
  14.00000     0.3698060    -0.2414210      301.7610    -0.2196600E-10  0.000000      21082.30      188.6740    
  14.00000      3.300710    -0.2686710      300.8340     0.4471990E-10  0.000000      4020.190      1606.968    
  14.00000      1.778820      2.089610      301.1300    -0.3365570E-10  0.000000      22934.90      1157.948    
  14.00000     -1.131120     -4.702510      299.7570    -0.2235850E-10  0.000000      21097.70      2079.862    
  14.00000      2.418010     -5.596730      298.5530     0.3309850E-10  0.000000      29527.10      2460.170    
  14.00000     -6.538510     0.8879940      297.9940     0.3128370E-10  0.000000      68186.90      1811.602    
  14.00000    -0.9084640      6.483010      298.0540     0.8419330E-11  0.000000      14106.20      2984.723    
  14.00000     -3.616270      2.255800      300.2110    -0.3338690E-10  0.000000      8766.550      2005.124    
  14.00000      6.276140      2.797060      297.6700     0.1288200E-10  0.000000      38998.40      2562.283    
  14.00000     -3.070490      1.636220      300.7350    -0.5337780E-11  0.000000      75630.00      860.3961    
  14.00000     -5.889660     -2.454020      298.2430     0.1393140E-10  0.000000      31556.00      2533.932    
  14.00000      3.412160      2.192190      300.3600     0.2445420E-10  0.000000      5637.030      1949.294    
  14.00000      1.503030      7.797160      296.2660    -0.3605130E-10  0.000000      23643.50      3386.686    
  14.00000     -2.985610     -10.98530      290.2160    -0.2622330E-10  0.000000      74195.10      2973.465    
  14.00000     -2.991650      2.506210      300.4650    -0.1918330E-10  0.000000      12278.00      1788.852    
  14.00000    -0.9370930      6.891550      297.5680    -0.1657380E-10  0.000000      12505.40      3213.621    
  14.00000      2.963670      4.244530      299.4600    -0.3312990E-10  0.000000      9359.010      2431.282    
  14.00000     -7.838560     -1.516070      296.2050    -0.2464300E-10  0.000000      37404.90      3034.857    
  14.00000      6.352240     -1.387020      298.1050     0.1891720E-10  0.000000      1206.350      3245.307    
  14.00000      9.236510     -8.215540      288.0430     0.2396090E-11  0.000000      69414.60      3458.378    
  14.00000      4.146270      1.045800      300.2000    -0.2758550E-10  0.000000      36476.40      1617.059    
  14.00000      6.940890     -4.357860      295.9000     0.5781310E-11  0.000000      26168.50      3429.761    
  14.00000     -6.935220      1.032480      297.4980    -0.3221060E-10  0.000000      9539.950      3310.467    
  14.00000      1.261080     0.5715840      301.6130    -0.2277880E-10  0.000000      71079.80      362.2870    
  14.00000      7.248040      4.335580      295.5270    -0.3731750E-11  0.000000      57369.00      2647.277    
  14.00000      5.216660      8.179180      293.4740     0.1031410E-10  0.000000      44319.80      3493.395    
  14.00000      5.909600     -3.462950      297.6960     0.1467720E-10  0.000000      64212.70      1973.820    
  14.00000     -1.329820      6.001100      298.5000    -0.3990750E-10  0.000000      48734.00      2085.257    
  14.00000      6.302080      4.012300      296.9090    -0.3238010E-10  0.000000      60716.20      2246.590    
  14.00000      9.801960     -5.313230      290.7060     0.1667080E-10  0.000000      64424.00      3282.079    
  14.00000      2.119200      6.086890      298.1700     0.3456430E-10  0.000000      66788.00      1798.712    
  14.00000     -8.023710     -7.841000      290.5620    -0.4049540E-10  0.000000      73050.50      2971.070    
  14.00000     0.8970950E-01 -9.390730      294.0100     0.3585970E-10  0.000000      79883.70      2239.629    
  14.00000      3.732390     -3.629200      299.4340     0.3532500E-10  0.000000      54256.30      1664.594    
  14.00000      3.540860      3.230430      299.7930    -0.4314340E-10  0.000000      21903.40      2047.993    
  14.00000      1.916630    -0.2315170      301.4580    -0.9157130E-11  0.000000      45205.40      671.1134    
  14.00000     -4.773230      7.845090      294.3590     0.2802000E-10  0.000000      39942.50      3433.454    
  14.00000     0.9805710     -1.910470      301.3820    -0.3438500E-10  0.000000      60965.10      634.3954    
  14.00000     -2.122540      1.237300      301.2590     0.4731380E-10  0.000000      4271.310      1188.455    
  14.00000     -3.355990     -4.254900      299.2360    -0.2943840E-11  0.000000      57316.10      1678.491    
  14.00000     -3.762930      2.511270      300.0110     0.4364820E-10  0.000000      4651.870      2191.745    
  14.00000     0.1648610    -0.7658810      301.7250     0.2827230E-10  0.000000      1559.680      385.4227    
  14.00000     -6.167420     -1.630450      298.2440    -0.7783070E-11  0.000000      20260.50      2775.066    
  14.00000      5.287170    -0.5901900      299.3290    -0.3948120E-10  0.000000      34698.30      2049.270    
  14.00000     -2.992800      5.503380      298.3710    -0.3980310E-10  0.000000      11380.00      2910.423    
  14.00000      7.381880     -2.584830      296.4340     0.2171860E-10  0.000000      55861.70      2483.819    
  14.00000      6.859040      2.123430      297.2870     0.3787190E-11  0.000000      13861.00      3288.090    
  14.00000     -6.165110     -3.251880      297.5490    -0.3884070E-11  0.000000      19996.80      3045.363    
  14.00000      5.224300    -0.9104370      299.3450     0.4247370E-10  0.000000      54997.90      1683.007    
  14.00000      7.507470      4.878240      294.7350     0.2253730E-10  0.000000      39393.20      3359.906    
  14.00000     -7.622010     -5.005070      294.4660     0.2799950E-10  0.000000      40333.80      3395.922    
  14.00000     -7.242790     0.1691750E-01  297.2070     0.1245830E-10  0.000000      18946.50      3193.719    
  14.00000     -3.192330     -6.536020      297.1670    -0.1004180E-11  0.000000      44843.80      2573.981    
  14.00000      2.391750      8.475270      294.9700    -0.2423710E-10  0.000000      49346.30      3005.001    
  14.00000      9.579450      1.339980      293.5240    -0.2051430E-10  0.000000      62307.70      2889.789    
  14.00000     0.8510780      5.045060      299.5140     0.3063310E-10  0.000000      5241.040      2472.794    
  14.00000      1.148080     -7.092060      297.2810     0.9354560E-11  0.000000      63760.40      2084.151    
  14.00000     -5.722140     0.1317700E-01  298.9410     0.2238710E-10  0.000000      5947.680      2757.366    
  14.00000     -4.975300      6.279600      296.1650     0.4717100E-11  0.000000      38668.00      3011.686    
  14.00000      5.912210     -4.458600      296.9960     0.4642360E-10  0.000000      28754.80      3022.987    
  14.00000      3.074620     -5.438550      298.3900    -0.3966070E-10  0.000000      21739.70      2685.427    
  14.00000     -3.562240      1.306560      300.5370     0.3271740E-10  0.000000      16482.20      1685.668    
  14.00000      10.72760      3.261800      290.5750    -0.8573600E-11  0.000000      75493.00      2875.029    
  14.00000     0.3221670     -3.210770      173.7080     -176.9810      0.000000      84988.40      1207.690    
  14.00000     -1.494870     -1.927860      301.2660    -0.4958310E-11  0.000000      13392.10      1106.193    
  14.00000     -2.450160      7.066610      296.8980     0.3487320E-10  0.000000      42454.20      2709.246    
  14.00000     -2.646800      4.698910      299.2610     0.1035740E-10  0.000000      759.2170      2689.517    
  14.00000      2.111130     -9.908630      292.6980     0.4717450E-11  0.000000      76062.30      2559.175    
  14.00000      1.766740     -3.363880      300.5340     0.2666810E-10  0.000000      27698.40      1546.244    
  14.00000     -1.596180     -2.658790      300.9500    -0.3230120E-10  0.000000      36076.20      1173.921    
  14.00000      4.940630      9.159190      292.1800    -0.4414010E-11  0.000000      83141.40      2381.344    
  14.00000     -3.419810     -3.614030      299.6380     0.2355670E-10  0.000000      43063.10      1775.717    
  14.00000      2.384180      1.631560      301.0600     0.2647540E-10  0.000000      31076.80      1141.197    
  14.00000     -1.754550     -5.727220      298.6670    -0.2051280E-10  0.000000      33200.50      2342.486    
  14.00000      8.316230     -3.025490      294.9010     0.2376970E-10  0.000000      39449.30      3317.438    
  14.00000     -3.785940      1.264720      300.4040     0.4475530E-10  0.000000      65862.20      1117.975    
  14.00000     0.7904110      6.253520      298.3290     0.4555030E-10  0.000000      28453.50      2568.107    
  14.00000    -0.5852820    -0.8706660      301.6830     0.4640580E-10  0.000000      28509.90      422.4814    
  14.00000      6.760880     -2.322780      297.3270     0.3290680E-10  0.000000      65367.60      2034.854    
  14.00000      6.724400      2.512140      297.2890    -0.2921460E-10  0.000000      49144.80      2435.246    
  14.00000      2.447450      4.922600      299.1610    -0.2279390E-10  0.000000      49412.50      1848.420    
  14.00000      4.995600    -0.1238940      299.6190     0.1450900E-10  0.000000      31533.90      1975.814    
  14.00000      6.693560     -2.433050      297.3600    -0.3583100E-10  0.000000      47646.60      2451.457    
  14.00000     -5.518850      4.321920      297.5000    -0.2501080E-10  0.000000      71428.20      1851.325    
  14.00000    -0.9509780E-01 -1.010660      301.6890    -0.4222690E-10  0.000000      21851.60      431.1942    
  14.00000     -5.279700      6.360660      295.7950    -0.3622300E-10  0.000000      35889.40      3188.975    
  14.00000      3.171970     -2.812040      300.2280    -0.4258550E-10  0.000000      11269.70      1958.762    
  14.00000     -1.157620     0.6044210      301.6310    -0.2844550E-10  0.000000      11806.90      598.3077    
  14.00000     -1.056830      2.705290      301.0520    -0.2491910E-11  0.000000      13525.20      1316.637    
  14.00000      4.762980    -0.1865940      299.8150     0.3810200E-10  0.000000      54463.00      1518.903    
  14.00000     -3.223170      4.136300      299.3990     0.9144600E-11  0.000000      19160.20      2291.599    
  14.00000    -0.8378540      3.733760      300.5160     0.3295350E-10  0.000000      18077.10      1679.837    
  14.00000     -8.186840     -1.799690      295.6230     0.9043290E-12  0.000000      51091.30      2804.532    
  14.00000     -1.372730     -7.656420      296.4930     0.3859300E-10  0.000000      17027.90      3488.528    
  14.00000     0.9335300     -13.07840      286.2290     0.4467820E-10  0.000000      79235.10      3241.622    
  14.00000      2.083760      1.234900      301.2730     0.4588530E-10  0.000000      41983.10      868.4420    
  14.00000      1.341010      2.886330      300.9060    -0.1633280E-10  0.000000      12527.60      1454.027    
  14.00000     -5.464140     -4.375280      297.5120    -0.2751010E-10  0.000000      73744.70      1794.168    
  14.00000     -4.721570     0.5139890      299.8290     0.2705010E-10  0.000000      5426.960      2290.120    
  14.00000     -4.075570     -2.644940      299.7380     0.1215940E-10  0.000000      31624.10      1918.812    
  14.00000     -8.115280     -10.91170      284.9800     0.7344830E-11  0.000000      82508.50      3220.551    
  14.00000     -6.939000      3.265540      296.6430     0.4534300E-10  0.000000      28835.00      3132.431    
  14.00000      1.494660     -6.899930      297.4380    -0.4405110E-10  0.000000      35529.70      2717.057    
  14.00000     -3.725360      12.50370      286.3910     0.4258240E-11  0.000000      76043.00      3369.196    
  14.00000    -0.2739980     -5.197270      299.4350     0.3048870E-10  0.000000      80615.10      1205.981    
  14.00000     -2.869860      1.477160      300.8810     0.2799850E-10  0.000000      40327.80      1176.511    
  14.00000     -6.558770      3.960910      296.6530    -0.2224400E-10  0.000000      33504.10      3008.875    
  14.00000      3.131400     -5.950400      297.8470     0.4374630E-10  0.000000      2349.780      3333.283    
  14.00000     -11.60450      4.072980      288.1900    -0.2784370E-10  0.000000      71621.40      3344.810    
  14.00000    -0.8413840     -9.165350      294.3250    -0.3985980E-10  0.000000      72150.00      2434.461    
  14.00000    -0.5640490     -5.647410      298.9880     0.4552000E-11  0.000000      38661.20      2113.477    
  14.00000     -1.027540      6.578640      297.9240    -0.3862640E-10  0.000000      21698.90      2867.444    
  14.00000     -7.552520      2.119070      296.4020     0.4114540E-10  0.000000      54698.30      2522.125    
  14.00000      2.378750      1.874920      300.9880     0.3539210E-10  0.000000      15163.80      1356.849    
  14.00000      2.320590      3.213760      300.4230    -0.3451850E-11  0.000000      13473.70      1801.433    
  14.00000     0.4194750E-01 -5.952110      298.7060    -0.3622700E-10  0.000000      61172.70      1770.045    
  14.00000      4.844870     -4.661750      297.8470    -0.2216940E-10  0.000000      21090.30      2909.940    
  14.00000     -3.515750     -3.955180      299.3550     0.2400100E-10  0.000000      5696.240      2550.943    
  14.00000     -8.874850      2.415700      294.3350     0.3419570E-10  0.000000      40996.40      3406.281    
  14.00000      7.209920      7.118760      292.6960     0.3204950E-10  0.000000      67896.50      2842.136    
  14.00000      8.098590     -3.218910      295.1130    -0.2684450E-10  0.000000      73863.70      2248.346    
  14.00000      1.985510      7.116970      297.0180    -0.4659280E-10  0.000000      35015.60      2860.399    
  14.00000      1.310210     0.2543450      301.6250    -0.1478980E-10  0.000000      50012.60      442.4371    
  14.00000     -8.724630     0.1399780      295.0960     0.2147690E-10  0.000000      39347.30      3271.912    
  14.00000     -6.543030     -3.686970      296.8570     0.3151140E-10  0.000000      68163.80      2070.413    
  14.00000     -1.291970      4.553670      299.8430     0.4082460E-10  0.000000      2712.690      2325.117    
  14.00000     -4.182900     -8.416620      293.9970     0.2268750E-10  0.000000      43180.30      3414.897    
  14.00000      6.815090     -1.831570      297.4420     0.3487960E-10  0.000000      16753.20      3161.328    
  14.00000     -6.652000    -0.9813260      297.8470    -0.3940930E-10  0.000000      22517.50      2877.960    
  14.00000     -3.752530     0.4289110      300.5490    -0.9548540E-11  0.000000      7821.970      1786.734    
  14.00000    -0.8772310     -5.225150      299.3490     0.7771720E-11  0.000000      14072.50      2405.825    
  14.00000     -9.469390     0.5026170      293.8540     0.1167370E-10  0.000000      56362.80      3021.688    
  14.00000      3.336210      11.79820      288.2770    -0.4406180E-11  0.000000      83140.90      2843.611    
  14.00000      2.192770      7.401340      296.5750     0.1287320E-10  0.000000      44197.30      2753.860    
  14.00000     0.9336720      3.163260      300.8410     0.2385830E-10  0.000000      43026.10      1172.774    
  14.00000     -5.223410     -3.980390      298.0300     0.2790020E-11  0.000000      32010.70      2599.919    
  14.00000      1.263480      5.931880      298.5870     0.3197640E-10  0.000000      15033.40      2741.463    
  14.00000      2.705510      2.613920      300.5580     0.6137420E-12  0.000000      115.3210      1876.046    
  14.00000     -3.454030     -4.716730      298.8160    -0.3562450E-10  0.000000      35916.90      2231.978    
  14.00000     -7.208180      6.208730      293.8010    -0.4087140E-10  0.000000      59225.10      2939.352    
  14.00000      3.049470     -9.660870      292.6980     0.3734130E-10  0.000000      54407.10      3308.618    
  14.00000     -6.489240     0.7690780      298.0680     0.2283080E-10  0.000000      52115.10      2145.967    
  14.00000      2.609290      2.497920      300.6540     0.2181890E-10  0.000000      1320.540      1786.306    
  14.00000     -4.186610      1.138110      300.1540    -0.4045220E-10  0.000000      35697.60      1652.173    
  14.00000    -0.1720420     -6.745880      297.8180     0.1369780E-10  0.000000      954.9780      3377.119    
  14.00000     -7.447950      2.919960      296.1820    -0.3818360E-10  0.000000      23884.40      3406.385    
  14.00000      2.418300     -4.887450      299.2040    -0.1749050E-10  0.000000      8122.530      2585.726    
  14.00000     -3.205790      4.900320      298.8060     0.4054030E-10  0.000000      65667.50      1652.688    
  14.00000      8.888770      1.572450      294.6160    -0.3512170E-10  0.000000      47604.50      3137.311    
  14.00000      2.065360     -2.991980      300.6390     0.2640700E-10  0.000000      52246.40      1182.129    
  14.00000     -8.700890     0.1629140E-01  295.1350     0.3048220E-10  0.000000      67472.40      2433.004    
  14.00000    -0.2271410     0.1294400      301.7720    -0.3214230E-10  0.000000      9554.710      121.6719    
  14.00000      7.369780      3.243460      296.1080     0.3483980E-10  0.000000      29420.50      3278.866    
  14.00000     -4.270730     -4.935510      298.0770     0.2677180E-10  0.000000      5443.760      3165.228    
  14.00000      6.931670     -5.081750      295.3000    -0.4500180E-10  0.000000      72824.80      2246.234    
  14.00000     -3.435490      3.208830      299.8690    -0.2646940E-10  0.000000      62086.00      1378.207    
  14.00000      2.444070      8.622060      294.7210     0.4214420E-10  0.000000      65735.20      2562.295    
  14.00000     -1.626380      2.247090      301.1160     0.1197900E-10  0.000000      69010.50      746.0807    
  14.00000     -1.472950     -7.167390      297.1110    -0.1871250E-11  0.000000      13558.50      3360.248    
  14.00000      3.398670     -3.053810      299.9750     0.3300830E-10  0.000000      30698.20      1817.159    
  14.00000      12.90640     0.5250750      286.7120     0.2762070E-10  0.000000      77459.80      3268.113    
  14.00000      3.044440      7.795100      295.6430    -0.3351330E-10  0.000000      36016.40      3226.440    
  14.00000     -3.291640     -1.431490      300.6680    -0.2671020E-11  0.000000      32254.20      1405.674    
  14.00000     -1.656810     -5.732510      298.6900     0.3540320E-10  0.000000      42432.70      2148.945    
  14.00000      5.796250    -0.9182350      298.7930    -0.1057050E-10  0.000000      7861.700      2791.709    
  14.00000     -2.445680     -8.581000      294.7840    -0.4837270E-10  0.000000      35242.60      3473.554    
  14.00000      2.893160     -3.254930      300.1410     0.1758340E-10  0.000000      6575.600      2081.007    
  14.00000     -7.128170      1.329400      297.1960    -0.8872710E-11  0.000000      32529.70      2866.075    
  14.00000     -2.568330     -4.464610      299.4840    -0.1216060E-11  0.000000      32189.40      2026.150    
  14.00000     -3.927660    -0.6280790      300.4140     0.2367580E-10  0.000000      1390.830      1967.625    
  14.00000      4.279630     -1.165840      300.0800    -0.3877520E-10  0.000000      10363.10      2064.021    
  14.00000     -4.738470     -3.317060      298.8790    -0.2859540E-10  0.000000      62006.40      1702.913    
  14.00000     -6.637290      1.586340      297.7270    -0.4008900E-10  0.000000      22471.10      2923.102    
  14.00000      4.826770     -2.330400      299.2920     0.3453930E-10  0.000000      16724.80      2386.770    
  14.00000     0.8440440     -3.382240      300.7310     0.5760800E-11  0.000000      51359.10      1143.410    
  14.00000      5.973350      4.768890      296.6780     0.4806070E-10  0.000000      41810.90      2787.346    
  14.00000     -5.154100      6.404620      295.8620     0.2227410E-10  0.000000      68609.40      2261.553    
  14.00000     -2.789710     -5.657490      298.3240     0.1709620E-10  0.000000      1127.570      3147.830    
  14.00000     -1.452480      3.356430      300.6260     0.3815470E-10  0.000000      4904.020      1765.147    
  14.00000      1.157490     -2.227020      301.2360     0.4589850E-10  0.000000      4529.770      1212.040    
  14.00000    -0.4671200     -8.595490      295.2790     0.5873090E-11  0.000000      56744.50      2718.648    
  14.00000     -4.757400     -5.403540      297.2620     0.1970260E-10  0.000000      81957.60      1647.917    
  14.00000     -1.798040     -3.874390      300.2040    -0.4650480E-10  0.000000      10818.70      1980.262    
  14.00000      6.908380     -5.092660      295.3190     0.2152310E-10  0.000000      55869.30      2735.637    
  14.00000      4.391750      9.170740      292.6290    -0.2281770E-10  0.000000      49411.30      3495.192    
  14.00000      4.916140     -5.306890      297.2180    -0.3341480E-10  0.000000      23343.90      3082.710    
  14.00000     0.1349730     -6.953440      297.5680    -0.3393330E-10  0.000000      23409.70      2958.665    
  14.00000     -3.740070     -3.831710      299.2970     0.4269940E-10  0.000000      2513.640      2638.544    
  14.00000     -2.322360      2.213160      300.8920    -0.3076610E-10  0.000000      46046.80      1108.320    
  14.00000     0.2115270     -3.988300      300.4030     0.1508710E-10  0.000000      1029.350      1980.588    
  14.00000     -2.499440     -5.762270      298.3530     0.9357400E-11  0.000000      44364.50      2223.864    
  14.00000     -7.820620      6.867610      292.1780     0.4002390E-10  0.000000      78809.80      2535.942    
  14.00000     -5.034750      7.861840      294.1040     0.7233090E-11  0.000000      76167.50      2343.680    
  14.00000     -2.600410      8.683630      294.5540    -0.3614410E-10  0.000000      71992.90      2400.598    
  14.00000     -10.85700     0.9656220      291.2140     0.1249690E-10  0.000000      76383.80      2755.383    
  14.00000     -6.029510      7.329010      293.8400    -0.1536580E-10  0.000000      49958.70      3231.149    
  14.00000     -4.005060      5.457440      297.7930     0.2611750E-10  0.000000      5486.530      3285.043    
  14.00000     -3.820670      1.524650      300.3180    -0.3767670E-10  0.000000      24262.60      1722.304    
  14.00000      7.529310      5.085050      294.5200    -0.2258610E-10  0.000000      58519.90      2822.057    
  14.00000      3.480710     -3.012090      299.9480    -0.3799280E-10  0.000000      23860.20      1935.760    
  14.00000     -3.204310    -0.3050410      300.8860    -0.3444520E-10  0.000000      34490.90      1235.685    
  14.00000     -5.242070     -8.166000      293.4690     0.9129740E-11  0.000000      51541.30      3255.605    
  14.00000      5.496040      1.672450      298.9180     0.2800630E-10  0.000000      40360.50      2107.149    
  14.00000      1.615970     -3.585210      300.4450    -0.3603640E-10  0.000000      60091.90      1176.820    
  14.00000     -2.548250     -5.429370      298.6580     0.1588350E-11  0.000000      198.8560      3008.300    
  14.00000      4.338330      9.439000      292.2150     0.8569020E-12  0.000000      57071.00      3303.630    
  14.00000    -0.1270660E-01  9.895650      293.1270     0.3074360E-10  0.000000      81437.10      2314.611    
  14.00000      2.896780     0.8077690      301.0000    -0.1848870E-10  0.000000      33001.80      1168.931    
  14.00000     0.4193140E-01 -2.415880      301.2760    -0.2947890E-10  0.000000      24607.50      1005.652    
  14.00000      4.026670    -0.7704870      300.3280     0.2463520E-10  0.000000      55750.20      1286.587    
  14.00000    -0.3244710      1.635330      301.5390    -0.3800560E-10  0.000000      35808.30      631.3658    
  14.00000      5.250610      5.636910      296.5960    -0.4494710E-10  0.000000      48186.40      2644.403    
  14.00000      6.993000      8.854600      290.4280    -0.3418610E-10  0.000000      73343.00      2978.090    
  14.00000      9.385460      6.668880      289.9400    -0.2218200E-10  0.000000      70948.80      3139.120    
  14.00000     -8.174510      9.461930      287.7100    -0.5816790E-04  0.000000      83772.50      2878.282    
  14.00000      7.834030    -0.3590190      296.4040    -0.1330970E-10  0.000000      62587.70      2312.753    
  14.00000      5.701970     -3.222520      298.0500    -0.1098960E-11  0.000000      25809.70      2729.056    
  14.00000      5.833890      1.867130      298.5230    -0.5806800E-11  0.000000      20125.40      2664.897    
  14.00000      10.12140     0.7325060      292.6670    -0.3072460E-10  0.000000      58827.70      3161.289    
  14.00000     -3.079630     0.2623080      300.9560     0.1166940E-11  0.000000      51105.80      1015.631    
  14.00000      3.581520     -4.293970      299.0700     0.4321980E-10  0.000000      42109.80      2017.166    
  14.00000      5.147540     0.5430970      299.4610     0.3518360E-10  0.000000      29400.70      2084.530    
  14.00000      11.17850     -4.346830      288.8850     0.2982570E-10  0.000000      81496.40      2844.128    
  14.00000      2.287820     -7.665110      296.1830    -0.4045320E-10  0.000000      47908.50      2757.267    
  14.00000     -5.509060     -3.892780      297.8210    -0.5477320E-11  0.000000      7653.310      3224.143    
  14.00000     0.2502200     -3.308060      300.8300    -0.4342220E-10  0.000000      10618.50      1537.079    
  14.00000     -3.753550     -6.430970      296.9420     0.6603370E-11  0.000000      51405.20      2472.404    
  14.00000     -1.308530     -2.043380      301.2720     0.1425700E-10  0.000000      6762.040      1153.640    
  14.00000      8.549390     -2.381570      294.8610    -0.4351820E-10  0.000000      59453.60      2725.320    
  14.00000     -1.391820     -7.837590      296.2390     0.1594680E-10  0.000000      26936.50      3306.828    
  14.00000     -5.005580     0.2021220      299.6080     0.3666170E-10  0.000000      17940.60      2208.127    
  14.00000    -0.7878940      7.880460      296.2960    -0.3322020E-10  0.000000      22978.00      3395.194    
  14.00000     -3.291450     -5.344610      298.3580    -0.3279190E-10  0.000000      23036.80      2671.038    
  14.00000     -4.067580     -1.462300      300.1660    -0.2010900E-10  0.000000      8219.020      2041.672    
  14.00000      6.342890      6.347790      294.7020    -0.3977420E-10  0.000000      72146.30      2370.643    
  14.00000      5.100790     -5.334730      297.0280    -0.4407260E-10  0.000000      21978.10      3181.230    
  14.00000     -9.050930     -8.944490      287.1810    -0.1676570E-10  0.000000      75147.80      3316.679    
  14.00000     -1.733060     -2.764020      300.8620    -0.2246870E-11  0.000000      13538.40      1479.726    
  14.00000     -4.332530      1.515100      299.9590    -0.3289270E-10  0.000000      23266.10      1939.213    
  14.00000     0.1360950      5.303650      299.3430     0.3086000E-10  0.000000      29752.60      2131.201    
  14.00000     -6.808030      11.59250      285.3830     0.4853820E-11  0.000000      76068.10      3482.774    
  14.00000      2.805410    -0.4266900      301.0850     0.4250260E-10  0.000000      3854.270      1377.398    
  14.00000      6.912690     -2.518540      297.0590     0.1957170E-10  0.000000      81963.10      1685.055    
  14.00000     -2.948720     -6.376910      297.4810    -0.2120890E-10  0.000000      21052.50      3045.376    
  14.00000     -3.508290     -1.329920      300.5650     0.9821890E-11  0.000000      726.9020      1863.352    
  14.00000      4.038590     -2.062500      300.0030     0.4301860E-10  0.000000      41414.10      1641.356    
  14.00000     -3.252550     0.2170690      300.8630     0.3734500E-10  0.000000      3440.810      1587.937    
  14.00000     -3.181010      3.666780      299.7420    -0.2164700E-10  0.000000      12107.50      2233.153    
  14.00000      6.279140     -3.676370      297.1640    -0.1095500E-10  0.000000      57878.30      2255.648    
  14.00000    -0.3199840      3.120070      300.9310    -0.2731900E-10  0.000000      34164.20      1207.292    
  14.00000      7.296300      9.940600      288.1150    -0.1172400E-10  0.000000      83554.20      2843.787    
  14.00000    -0.2904930    -0.9106550      301.6990    -0.8143330E-11  0.000000      45163.50      332.1509    
  14.00000     -3.433760      5.938180      297.6840     0.3250780E-10  0.000000      52473.30      2247.296    
  14.00000     -7.951770      2.005670      295.8920    -0.2194370E-10  0.000000      70896.20      2192.406    
  14.00000     -1.660040     -5.283550      299.1220    -0.4373390E-10  0.000000      11220.70      2569.477    
  14.00000      3.675250      5.477720      297.9960    -0.3132200E-10  0.000000      36127.10      2520.687    
  14.00000      6.865920      2.544210      297.1050     0.2765030E-10  0.000000      39761.60      2716.824    
  14.00000    -0.6031490      5.823700      298.8070     0.4568810E-10  0.000000      4542.560      2850.105    
  14.00000     -2.658410      2.950070      300.4180     0.1342860E-10  0.000000      6801.710      1892.904    
  14.00000     -9.339260      3.490400      292.9930     0.4273120E-10  0.000000      54917.60      3235.536    
  14.00000      2.404450      7.269320      296.6600    -0.1960880E-10  0.000000      24967.30      3227.036    
  14.00000     -8.501980     -3.248880      294.4940    -0.3239480E-10  0.000000      46784.30      3189.969    
  14.00000     -2.112670     -6.210850      298.0380     0.3728930E-10  0.000000      52675.70      2142.278    
  14.00000    -0.3940120      6.582810      297.9980     0.5079280E-11  0.000000      7181.470      3160.524    
  14.00000      5.417370     -1.308690      299.0880    -0.4353870E-10  0.000000      11229.30      2585.851    
  14.00000      5.652190     -3.542970      297.9090     0.3884770E-10  0.000000      4873.380      3249.698    
  14.00000     -12.48290     -3.141310      286.8230     0.1372870E-10  0.000000      76434.10      3301.502    
  14.00000     0.6686280     -7.912690      296.2660     0.1181480E-10  0.000000      31637.40      3172.502    
  14.00000      4.481050     -5.354090      297.5350     0.2723520E-10  0.000000      39688.10      2588.536    
  14.00000    -0.9800190     -1.251820      301.5610    -0.3159390E-10  0.000000      9702.050      739.6408    
  14.00000     -5.909450      1.143930      298.6360     0.4704420E-10  0.000000      4231.970      2938.024    
  14.00000     -1.328610      2.652610      301.0210     0.3399770E-10  0.000000      5087.650      1428.197    
  14.00000     -2.344080     -2.978210      300.5400    -0.2389050E-10  0.000000      21156.80      1624.814    
  14.00000      6.194320    -0.6897990E-01  298.4480    -0.3590930E-11  0.000000      32295.20      2443.127    
  14.00000     -8.061360      2.237330      295.6470    -0.2108840E-10  0.000000      70721.40      2243.387    
  14.00000     -1.443330      3.680450      300.4310    -0.2433880E-10  0.000000      11974.10      1816.269    
  14.00000      4.506000    -0.9046000      299.9540    -0.3901040E-10  0.000000      24020.80      1930.257    
  14.00000     -4.577710    -0.9967010      299.8820     0.3671570E-10  0.000000      3357.450      2290.949    
  14.00000      3.283980     -6.041320      297.6640     0.3252630E-10  0.000000      1713.820      3425.489    
  14.00000      3.433040      2.845330      300.0620    -0.1547720E-10  0.000000      32831.60      1741.109    
  14.00000     0.1517940     -8.373320      295.6340     0.4660360E-10  0.000000      41605.70      3070.584    
  14.00000     -4.139900     -1.234100      300.1680    -0.2768190E-10  0.000000      73725.30      1097.723    
  14.00000     -10.35980     -3.380620      291.2190     0.3245150E-10  0.000000      65349.90      3167.612    
  14.00000    -0.7662410E-01 -2.214140      301.3560     0.3309470E-10  0.000000      27950.50      897.2658    
  14.00000     -1.210290    -0.8457140      301.5910    -0.3416860E-10  0.000000      11591.10      677.6061    
  14.00000      1.588200      2.611760      300.9740    -0.5259760E-11  0.000000      57473.90      939.7103    
  14.00000     -8.706820     -1.816480      294.8300    -0.3268270E-10  0.000000      34416.60      3486.863    
  14.00000     -2.001230     -5.704820      298.6080     0.3887860E-10  0.000000      4872.010      2938.277    
  14.00000     -6.515820      4.803660      296.0450     0.8791710E-11  0.000000      44390.90      2887.800    
  14.00000      2.602130      7.383240      296.4240     0.3049530E-10  0.000000      80617.40      1832.350    
  14.00000      4.196540     -7.084870      295.8420    -0.4266470E-10  0.000000      48617.60      2821.875    
  14.00000     0.4670730      2.506840      301.2190     0.8860680E-11  0.000000      19178.80      1107.472    
  14.00000      4.591950     -1.925230      299.6350    -0.3241270E-10  0.000000      9498.000      2334.803    
  14.00000     -3.734780     -10.51990      290.6780     0.3979010E-10  0.000000      65637.00      3239.875    
  14.00000     -3.610410     -1.485100      300.4640    -0.4787480E-10  0.000000      35102.00      1492.866    
  14.00000    -0.6553090     -4.430130      300.0470     0.3095780E-10  0.000000      29729.90      1795.085    
  14.00000      2.949010      7.030360      296.7050     0.6036850E-11  0.000000      13980.90      3495.003    
  14.00000     -2.902240     -8.441370      294.7780    -0.4231720E-10  0.000000      35612.10      3463.849    
  14.00000     -1.637530     0.6265760      301.5140    -0.1256200E-10  0.000000      12874.80      797.3866    
  14.00000     -4.412460     -4.272730      298.5050    -0.2683360E-10  0.000000      37027.60      2324.562    
  14.00000      2.027090      1.507010      301.2290     0.9611140E-11  0.000000      6977.830      1199.286    
  14.00000      1.580110     -2.829350      300.8740    -0.2911140E-10  0.000000      61986.80      947.9786    
  14.00000     -5.711960     -3.324630      297.9820     0.2995660E-10  0.000000      27830.10      2709.654    
  14.00000      7.853180     -1.223460      296.2560     0.3292120E-10  0.000000      53669.60      2584.337    
  14.00000     -5.847850      6.109250      295.5100    -0.2753880E-10  0.000000      45910.50      2978.855    
  14.00000      6.485630     0.1577590      298.1220     0.5161580E-11  0.000000      7177.780      3108.010    
  14.00000     -8.822810    -0.6517280      294.9050     0.4110790E-11  0.000000      76036.80      2218.821    
  14.00000     -2.735550     -5.704320      298.3030     0.1757310E-11  0.000000      13752.50      2889.502    
  14.00000     0.5426970      10.82550      291.3360    -0.2789320E-10  0.000000      71624.00      2915.962    
  14.00000     -8.965690     -1.491860      294.5140     0.4548860E-11  0.000000      44587.10      3253.135    
  14.00000      4.861420      6.742420      295.7270    -0.3684240E-10  0.000000      47705.10      2875.292    
  14.00000      2.209370      4.425700      299.6630     0.7330740E-11  0.000000      26251.70      2042.709    
  14.00000     -1.946270      4.853050      299.4130    -0.1191690E-10  0.000000      12931.20      2393.689    
  14.00000     -5.349510     -3.863050      297.9940    -0.3668000E-10  0.000000      34583.30      2555.686    
  14.00000     -2.740770     -2.689390      300.5070    -0.4132780E-11  0.000000      83126.10      854.5139    
  14.00000     -4.073930      3.062010      299.5320    -0.2066530E-10  0.000000      37610.70      1912.235    
  14.00000     -8.525760    -0.6202820      295.3710     0.3744070E-10  0.000000      29276.10      3493.855    
  14.00000     -6.617210      9.779380      289.3000     0.2933850E-10  0.000000      78180.70      2931.306    
  14.00000      5.098140      3.344140      298.5530    -0.2606830E-10  0.000000      74347.70      1544.977    
  14.00000     0.5161230      5.939180      298.6960     0.4727230E-10  0.000000      4409.770      2905.782    
  14.00000      2.249890      4.804960      299.3420    -0.2272500E-10  0.000000      71068.30      1399.008    
  14.00000     -4.123060     -5.813330      297.3540     0.2557040E-10  0.000000      39546.20      2647.372    
  14.00000     -1.463440     -10.68080      291.4530    -0.1631430E-10  0.000000      70275.90      2948.925    
  14.00000     -8.864830     -5.515970      292.1150     0.3359110E-10  0.000000      80030.30      2500.873    
  14.00000      2.681720     -8.071630      295.4370    -0.4372410E-10  0.000000      35545.60      3295.075    
  14.00000     -4.348740     -4.900240      298.0480     0.2332750E-10  0.000000      14721.60      2973.663    
  14.00000     -4.891280     0.4607820      299.6920     0.1550890E-10  0.000000      14430.80      2222.425    
  14.00000     -1.877480      9.581780      293.3630     0.1131200E-10  0.000000      56386.10      3115.747    
  14.00000      4.833690    -0.7692380      299.7080     0.3128230E-10  0.000000      30054.80      1958.819    
  14.00000     -3.133730    -0.9103450E-01  300.9320     0.8057750E-12  0.000000      19698.30      1357.458    
  14.00000     -5.580200    -0.7504320      299.0320     0.2236420E-10  0.000000      5951.620      2712.267    
  14.00000      2.297200     -6.681210      297.4320     0.3159710E-10  0.000000      68153.90      1944.146    
  14.00000     -6.013790     -2.636330      298.0310    -0.1319780E-10  0.000000      20631.30      2850.273    
  14.00000      5.022630     0.7087660      299.5530     0.4001620E-10  0.000000      15556.20      2276.564    
  14.00000      2.563150     -4.282210      299.6250    -0.1897900E-10  0.000000      12294.40      2293.690    
  14.00000     -1.151260     -5.025660      299.4790     0.3328190E-10  0.000000      16604.80      2296.535    
  14.00000     -6.545440     -2.886140      297.3210    -0.3201320E-10  0.000000      9583.710      3378.396    
  14.00000      4.849390     -2.309250      299.2810     0.2432700E-10  0.000000      39476.30      1983.551    
  14.00000    -0.1240190      4.308830      300.1750     0.2286340E-10  0.000000      1360.300      2134.516    
  14.00000     -3.642240     -7.141010      296.1590     0.4728050E-10  0.000000      41898.30      2926.023    
  14.00000      3.368080     -6.472420      297.1380    -0.8303230E-11  0.000000      50563.90      2441.683    
  14.00000     -6.060430     -3.038730      297.7800     0.2381270E-10  0.000000      43031.50      2435.360    
  14.00000      5.283720      1.210620      299.2350    -0.1748110E-10  0.000000      49766.20      1815.733    
  14.00000     -3.027350      4.636590      299.1230    -0.2751000E-10  0.000000      36499.10      2101.143    
  14.00000      5.079690     0.3130920      299.5380     0.2576530E-10  0.000000      55707.90      1602.079    
  14.00000     -5.288490     -5.192900      296.9880     0.3590250E-11  0.000000      56894.50      2323.584    
  14.00000     -4.670240      3.831690      298.6130    -0.1996730E-10  0.000000      12216.00      2787.371    
  14.00000     -4.217620     -1.928310      299.9210     0.3610540E-10  0.000000      16008.20      2071.850    
  14.00000     -2.417480     -6.182220      297.9480     0.4380120E-10  0.000000      2333.260      3289.913    
  14.00000      1.054340     -11.93140      288.9210     0.3163590E-10  0.000000      68149.10      3393.320    
  14.00000      2.409430      6.309940      297.8110    -0.3613830E-10  0.000000      22741.40      2886.206    
  14.00000     -5.963450    -0.7203360      298.6490     0.2107830E-10  0.000000      52050.10      1970.090    
  14.00000     -2.195980     -3.519620      300.2940    -0.3632950E-10  0.000000      21612.00      1773.654    
  14.00000      5.005170     -4.025600      298.1950    -0.8006840E-11  0.000000      20275.90      2794.281    
  14.00000      5.558000     -8.135580      293.2040     0.2700480E-10  0.000000      55661.80      3170.154    
  14.00000      2.384810     0.6517120      301.2520     0.4347260E-10  0.000000      4660.590      1192.743    
  14.00000    -0.8702950      3.013850      300.9310     0.3697350E-10  0.000000      3397.600      1528.225    
  14.00000      8.708970     -3.628220      293.9360     0.4171320E-10  0.000000      54750.10      3057.254    
  14.00000      3.539940     -4.351110      299.0530     0.3961610E-10  0.000000      54575.70      1789.836    
  14.00000      3.788900     0.9621150      300.4610    -0.3358660E-10  0.000000      23366.60      1647.563    
  14.00000      1.715690     -6.696410      297.6200    -0.3010130E-10  0.000000      36197.80      2643.240    
  14.00000     -4.087730      9.458320      292.3750     0.3274260E-10  0.000000      66897.40      2928.694    
  14.00000     -5.287270      2.403750      298.8550     0.1563160E-10  0.000000      76511.70      1428.192    
  14.00000      7.958960     0.2766180      296.2340     0.2629440E-10  0.000000      31084.00      3196.862    
  14.00000     0.2354260     -2.028640      301.4190    -0.1656480E-10  0.000000      12506.20      931.5848    
  14.00000      2.126850     -7.543240      296.4110    -0.3101830E-10  0.000000      73499.80      2022.727    
  14.00000     -2.278890     0.5784470      301.3030    -0.3059770E-10  0.000000      11724.60      1079.004    
  14.00000      9.558160      3.939040      292.3110    -0.2588050E-10  0.000000      74471.60      2671.174    
  14.00000     -2.778230      1.061670      301.0170     0.4254210E-10  0.000000      3857.170      1443.952    
  14.00000     -6.082500     0.9913620E-01  298.5680     0.3426240E-10  0.000000      53520.20      1965.771    
  14.00000      8.520210     -2.394500      294.9000     0.1219820E-10  0.000000      63971.40      2581.818    
  14.00000    -0.3259220     -1.658790      301.5320    -0.6332570E-11  0.000000      7690.110      797.8446    
  14.00000     -2.781790    -0.5951290      301.0820    -0.3397830E-10  0.000000      8815.190      1333.968    
  14.00000     0.1638810      1.707740      301.5250     0.1850230E-10  0.000000      14545.00      770.6976    
  14.00000     -7.084290      7.207930      292.7430     0.6230220E-11  0.000000      51384.80      3404.539    
  14.00000     -3.802230     -9.621670      292.2960    -0.3678150E-11  0.000000      63057.00      3077.312    
  14.00000      3.833520      6.716040      296.5560    -0.3363490E-10  0.000000      24449.50      3273.906    
  14.00000     -1.612930     -4.649340      299.6850    -0.3183750E-10  0.000000      9626.720      2305.089    
  14.00000     -1.259490      3.189520      300.7650     0.4683460E-10  0.000000      28714.80      1382.841    
  14.00000     -2.157480     -10.29750      291.9610    -0.2866270E-11  0.000000      83057.20      2412.345    
  14.00000     -5.102180     0.7369970      299.4800     0.3984200E-10  0.000000      15591.30      2313.660    
  14.00000      8.400230     -2.997370      294.7900     0.5895760E-11  0.000000      38716.40      3366.924    
  14.00000      1.157260     -7.957040      296.1240    -0.4309170E-10  0.000000      48062.10      2767.954    
  14.00000      1.641520      4.604590      299.7130     0.4302640E-10  0.000000      3892.780      2383.067    
  14.00000      2.833820      5.523570      298.4330     0.1297580E-10  0.000000      31592.60      2463.144    
  14.00000     -6.963590     -1.372990      297.3910     0.1405630E-10  0.000000      18847.90      3130.129    
  14.00000     -6.608340     -2.410310      297.4700    -0.3679310E-10  0.000000      47702.30      2419.003    
  14.00000      4.627780     -6.352020      296.3810    -0.1705920E-10  0.000000      37764.70      2976.107    
  14.00000     -3.955800     0.1199780      300.4280    -0.3000980E-10  0.000000      11746.90      1821.245    
  14.00000     -3.079290      1.644170      300.7280     0.2246380E-10  0.000000      5934.560      1672.262    
  14.00000     -3.289240      3.137800      299.9940     0.3605640E-10  0.000000      16844.90      2017.724    
  14.00000      2.518790     -1.657060      300.9960    -0.2659850E-10  0.000000      73944.10      761.8293    
  14.00000      13.97340     0.8078290      283.9160     0.3985930E-10  0.000000      79635.80      3468.874    
  14.00000     -4.791640      5.311990      297.3200    -0.5294080E-11  0.000000      25592.20      2993.375    
  14.00000    -0.7151370E-01 -6.726920      297.8430    -0.4007430E-10  0.000000      35714.80      2581.329    
  14.00000      3.689130      10.39070      290.9590    -0.3409820E-11  0.000000      75712.40      2815.198    
  14.00000      4.192820      6.218700      296.8710    -0.3247810E-10  0.000000      46139.70      2623.920    
  14.00000      2.668940      2.729560      300.5220     0.3302450E-10  0.000000      16568.90      1694.987    
  14.00000      4.040860     -6.802530      296.3060    -0.3603930E-10  0.000000      47658.80      2732.798    
  14.00000     -5.612980      1.651630      298.8110     0.4126210E-10  0.000000      54708.50      1865.876    
  14.00000     -1.258810     0.3953850      301.6280     0.2037870E-10  0.000000      39301.10      484.2421    
  14.00000     -1.984600    -0.2783330      301.4330     0.2363840E-10  0.000000      39443.10      735.0175    
  14.00000     0.7105300     -4.020720      300.3400     0.2274510E-10  0.000000      39402.40      1503.536    
  14.00000      2.433040     -3.415940      300.2610     0.3293450E-10  0.000000      42533.90      1501.015    
  14.00000      12.19530     0.7577620      288.3740    -0.1715530E-10  0.000000      70323.60      3376.003    
  14.00000    -0.4676530     -12.05960      288.7170     0.2686110E-10  0.000000      68423.50      3409.980    
  14.00000     -2.266470     -7.504620      296.4080    -0.2619650E-10  0.000000      74222.60      2004.161    
  14.00000     0.5277080     -2.290300      301.3030     0.3433110E-10  0.000000      18027.00      1029.453    
  14.00000     -7.250750      7.546120      292.0690     0.4243940E-10  0.000000      66353.90      2997.103    
  14.00000      7.129590      2.556920      296.7720     0.1507500E-10  0.000000      31512.40      3024.045    
  14.00000     0.6251770      2.678230      301.1270    -0.2435640E-10  0.000000      11973.30      1260.615    
  14.00000      6.296610     0.7443830      298.2870     0.4034030E-10  0.000000      2760.800      3129.751    
  14.00000     -3.185240      2.042740      300.5440    -0.2371010E-10  0.000000      49369.40      1266.985    
  14.00000     -1.348070    -0.6774290      301.5820     0.4962540E-11  0.000000      428.4280      748.2542    
  14.00000     -4.325680      6.459080      296.5000    -0.3435540E-10  0.000000      21539.60      3368.025    
  14.00000     -4.767740      7.524470      294.8080     0.1092550E-10  0.000000      63867.60      2602.543    
  14.00000     -3.844970     -6.653500      296.6220    -0.4212580E-10  0.000000      72248.50      2014.308    
  14.00000     -1.807780      4.108860      300.0380    -0.2397720E-10  0.000000      33842.60      1737.868    
  14.00000     -6.941900     0.3076650E-01  297.5840     0.1417260E-10  0.000000      6766.130      3341.325    
  14.00000     -9.673400     0.2658620      293.5160    -0.3704450E-10  0.000000      60022.00      2966.523    
  14.00000      5.298070     -5.096150      297.0670     0.1392790E-10  0.000000      44145.00      2619.484    
  14.00000     -1.712480     -7.872260      296.1010    -0.2794800E-10  0.000000      24663.60      3410.175    
  14.00000      7.655020     -2.463390      296.1220     0.3689700E-10  0.000000      78635.40      1938.008    
  14.00000      2.204970     0.9700850      301.2790     0.3921520E-10  0.000000      15354.40      1076.584    
  14.00000      3.073130     -6.883340      296.8200    -0.1079140E-10  0.000000      83496.70      1688.954    
  14.00000    -0.7944480     -5.839710      298.7670     0.1853160E-10  0.000000      27196.00      2422.442    
  14.00000     -3.905520     -4.965840      298.3130     0.1992860E-10  0.000000      6347.110      3042.268    
  14.00000     -9.458820     -4.968480      291.6430    -0.4230120E-10  0.000000      59638.60      3310.388    
  14.00000      5.798590     -5.385550      296.3040     0.4443280E-10  0.000000      28397.60      3247.792    
  14.00000      6.980390      1.326120      297.3810     0.3519870E-10  0.000000      17995.10      3153.956    
  14.00000      3.502040    -0.8717170E-01  300.7210     0.2641210E-10  0.000000      5466.610      1683.682    
  14.00000      2.485860     -6.434120      297.6380     0.3696230E-10  0.000000      3133.420      3403.572    
  14.00000     -2.579880     -4.320760      299.5890     0.2134760E-10  0.000000      27431.30      2058.857    
  14.00000      1.387210      2.744660      300.9640    -0.1618700E-10  0.000000      32867.00      1196.887    
  14.00000      7.384810      2.351620      296.5320    -0.3095290E-10  0.000000      47105.00      2689.276    
  14.00000     -2.538750     -3.823460      299.9590    -0.3891790E-10  0.000000      22550.80      1950.054    
  14.00000     -3.344990      6.182930      297.4760     0.4424940E-10  0.000000      41475.10      2564.591    
  14.00000      3.956280    -0.1566900      300.4260     0.9522230E-11  0.000000      38863.60      1464.692    
  14.00000      1.602040     -6.532560      297.8440    -0.2523980E-10  0.000000      11935.50      3117.875    
  14.00000     -5.915450      6.753900      294.6950    -0.2955600E-10  0.000000      49131.60      3073.057    
  14.00000     -5.403020    -0.7704480      299.2000    -0.4445910E-10  0.000000      10679.30      2541.334    
  14.00000      8.741600      2.647900      294.4410    -0.4246690E-10  0.000000      59623.10      2803.576    
  14.00000     -6.312680     0.6150440      298.2850     0.2096400E-10  0.000000      6191.300      3057.870    
  14.00000     -2.651010      2.522710      300.6240    -0.2204170E-10  0.000000      33462.80      1418.608    
  14.00000     0.4832160E-02  10.12590      292.7070     0.4019740E-10  0.000000      55149.70      3281.250    
  14.00000    -0.3319160      2.380420      301.2810    -0.2997120E-10  0.000000      46011.10      829.5645    
  14.00000      9.506410     -1.105680      293.7020     0.4150880E-10  0.000000      66406.90      2723.942    
  14.00000      6.202460     0.8249510      298.3800     0.9384120E-11  0.000000      51554.70      2064.415    
  14.00000     -1.809090      4.060860      300.0720     0.1735200E-10  0.000000      27079.40      1821.084    
  14.00000      5.942900      1.464600      298.5280    -0.3518590E-10  0.000000      10159.90      2867.138    
  14.00000    -0.3784710     0.7761970      301.7140     0.3001460E-10  0.000000      40763.10      312.6529    
  14.00000      6.132170     -1.140850      298.4010     0.1870620E-10  0.000000      55983.60      1965.198    
  14.00000      2.003160     -4.738960      299.4890    -0.2454020E-10  0.000000      33927.70      1994.012    
  14.00000     -2.835920    -0.9658810      301.0060    -0.6810710E-11  0.000000      38185.00      1112.887    
  14.00000    -0.9753950      5.715140      298.8650    -0.2690230E-10  0.000000      8471.420      2745.558    
  14.00000     -11.62840     0.8086820      289.6320    -0.3626930E-10  0.000000      71998.20      3139.248    
  14.00000      2.552130      6.055480      298.0250    -0.2610360E-10  0.000000      74316.10      1668.796    
  14.00000     0.1413300      4.625400      299.9290    -0.2285980E-10  0.000000      49409.30      1551.999    
  14.00000      5.008240     0.1807930      299.6070     0.3319710E-10  0.000000      30636.50      1996.584    
  14.00000      6.046080     -4.425800      296.8800     0.3219630E-10  0.000000      68005.00      2069.443    
  14.00000     -1.255520     -3.689800      300.4680    -0.6385640E-11  0.000000      32419.30      1525.213    
  14.00000     -5.797810      6.699380      294.8850     0.9340690E-11  0.000000      38856.30      3339.310    
  14.00000     -2.182320     0.7834150      301.3160     0.1614030E-11  0.000000      32063.10      907.5439    
  14.00000    -0.6048190     -4.485560      300.0090    -0.3104740E-10  0.000000      47275.50      1549.776    
  14.00000      1.781320     -8.750040      294.7730    -0.4243890E-10  0.000000      72958.10      2333.820    
  14.00000      4.207010      5.766680      297.3400     0.3881330E-10  0.000000      17857.20      3172.322    
  14.00000     -3.658620     0.1307890      300.6230     0.2021000E-10  0.000000      55921.40      1145.680    
  14.00000     -1.859040     -2.984940      300.7130     0.2349390E-10  0.000000      31193.30      1389.318    
  14.00000      5.124230      9.890440      290.7270    -0.3318920E-10  0.000000      58919.10      3489.718    
  14.00000     -5.492010     -3.911280      297.8250    -0.3671750E-10  0.000000      61653.70      2000.061    
  14.00000      4.728040    -0.8200830      299.7880     0.4373190E-10  0.000000      17585.70      2119.524    
  14.00000      7.934690      6.301260      292.6950     0.4621400E-10  0.000000      66033.30      2906.721    
  14.00000      2.424880      1.842100      300.9800     0.2056440E-10  0.000000      14621.30      1369.719    
  14.00000     -3.907230      1.909200      300.1460     0.6299010E-11  0.000000      7126.790      2070.051    
  14.00000     -2.323380     -6.758170      297.3300     0.7201290E-11  0.000000      14042.50      3267.770    
  14.00000    -0.4691640     -1.197570      301.6360    -0.1587120E-11  0.000000      63167.30      370.2592    
  14.00000      3.446160     -2.189520      300.3400     0.2139880E-11  0.000000      240.6010      2035.865    
  14.00000      4.869430     -8.748100      292.9160    -0.4129910E-10  0.000000      48677.00      3463.274    
  14.00000      2.464750      5.667890      298.4630    -0.3764240E-10  0.000000      72056.00      1614.075    
  14.00000     -1.855840      5.720980      298.6410     0.3888000E-10  0.000000      15725.30      2704.217    
  14.00000      5.417580    -0.2753500      299.2310     0.4272500E-10  0.000000      17339.80      2404.915    
  14.00000      5.309830    -0.2820340E-02  299.3380     0.8992450E-11  0.000000      26347.00      2193.428    
  14.00000    -0.1397380      5.616320      299.0440     0.3206470E-10  0.000000      29603.40      2261.858    
  14.00000      4.068730      5.867680      297.3370     0.4124870E-10  0.000000      28262.30      2923.439    
  14.00000     -5.969470      2.073610      298.3110    -0.2736320E-10  0.000000      36555.10      2403.198    
  14.00000     -7.859720     -3.090850      295.5280     0.1991290E-10  0.000000      43636.50      3039.665    
  14.00000    -0.8980280     0.6537430      301.6720     0.3028860E-10  0.000000      67108.20      305.2144    
  14.00000     0.9907410E-01 -9.882690      293.1500    -0.5285960E-11  0.000000      69763.30      2705.081    
  14.00000      5.641610      4.026850      297.5970     0.1289590E-10  0.000000      31595.70      2757.753    
  14.00000     -2.976740      6.156280      297.7100     0.4464000E-11  0.000000      13897.20      3126.183    
  14.00000     0.6561090     0.2674040      301.7350    -0.3436290E-10  0.000000      9096.280      330.8580    
  14.00000    -0.6793310     -6.342970      298.2440     0.4281360E-10  0.000000      2499.750      3154.934    
  14.00000      5.679820     -1.909110      298.6640    -0.4251620E-10  0.000000      22294.90      2562.142    
  14.00000     -2.289480     -6.984340      297.0680     0.8140210E-11  0.000000      31782.60      2924.919    
  14.00000     -2.599220     -8.682630      294.5560     0.2807290E-10  0.000000      40449.50      3370.811    
  14.00000     -7.351110      3.863350      295.7390    -0.5942260E-12  0.000000      25835.90      3486.580    
  14.00000      1.872910      4.839040      299.4490    -0.3767980E-10  0.000000      10302.90      2420.667    
  14.00000    -0.6304350     -7.289430      297.1120    -0.2497860E-10  0.000000      21197.80      3171.866    
  14.00000      2.585620     0.5617960      301.1760    -0.4470130E-10  0.000000      11176.90      1219.615    
  14.00000    -0.1927430      6.950040      297.5710     0.4172040E-10  0.000000      17255.80      3101.553    
  14.00000      3.842290    -0.4024450E-02  300.5050    -0.3624330E-10  0.000000      61174.60      1135.732    
  14.00000    -0.9443030      5.125830      299.4280     0.3811120E-11  0.000000      51251.80      1718.891    
  14.00000     -5.503260     -3.871730      297.8410    -0.2462600E-10  0.000000      21184.60      2910.168    
  14.00000      1.323610      5.740130      298.7700    -0.3617340E-10  0.000000      61166.40      1751.505    
  14.00000      9.166310     -1.121220      294.2740     0.2801540E-10  0.000000      40381.80      3439.935    
  14.00000      3.296550     -9.019560      293.6460    -0.2586290E-10  0.000000      74480.20      2469.725    
  14.00000     -2.530560      5.681410      298.4210     0.4063960E-10  0.000000      17780.90      2755.625    
  14.00000      4.100350     -1.327940      300.1750    -0.1332280E-10  0.000000      7967.040      2039.361    
  14.00000     -6.978090     -1.688320      297.2880     0.2315890E-10  0.000000      39421.00      2670.454    
  14.00000      2.132270      5.080930      299.1490    -0.4175960E-10  0.000000      35637.90      2106.507    
  14.00000     -7.208100      1.031650      297.1570     0.3211180E-10  0.000000      53802.60      2357.227    
  14.00000      7.224110      5.907350      294.1100    -0.2432910E-10  0.000000      74759.10      2387.343    
  14.00000     -2.317240      2.198100      300.9000     0.3272250E-10  0.000000      16488.50      1417.174    
  14.00000      1.319430     -5.280080      299.2140     0.3908110E-11  0.000000      26070.10      2254.176    
  14.00000     -7.166570     -1.186500      297.1790     0.9339030E-11  0.000000      38856.20      2716.755    
  14.00000      2.532980      2.196470      300.8100     0.1410150E-10  0.000000      6769.570      1596.376    
  14.00000    -0.9275970      6.117460      298.4560    -0.3701560E-10  0.000000      21637.60      2661.122    
  14.00000      9.184680      8.483920      287.7100     0.1346310E-10  0.000000      76423.30      3197.524    
  14.00000     -2.823820      10.21020      291.8200    -0.2660550E-10  0.000000      73941.30      2761.043    
  14.00000     -1.091450     -6.587040      297.9020    -0.1441050E-10  0.000000      62542.70      1960.173    
  14.00000     -4.405610     -8.985580      292.9250     0.1439990E-10  0.000000      56194.70      3204.767    
  14.00000     -4.797790     -2.633020      299.1850     0.4720460E-10  0.000000      28605.40      2220.595    
  14.00000     0.2779440      1.578360      301.5570     0.4381980E-10  0.000000      2326.260      784.8223    
  14.00000    -0.3302320      9.738970      293.3970     0.1463410E-11  0.000000      75923.40      2460.299    
  14.00000     -4.719660     -1.519900      299.6530     0.5257250E-11  0.000000      446.9400      2474.653    
  14.00000      2.756210     -11.32260      289.6390     0.1983850E-10  0.000000      68704.30      3270.824    
  14.00000     -9.899330      2.409980      292.5910     0.4229790E-10  0.000000      78945.90      2474.211    
  14.00000      9.093400     -1.367530      294.3380    -0.3939910E-10  0.000000      73101.40      2402.452    
  14.00000     -6.905030      2.915080      296.8770    -0.4235530E-10  0.000000      72962.20      1944.944    
  14.00000     -1.614170      1.092360      301.4510     0.3411850E-11  0.000000      7256.250      922.9184    
  14.00000     -3.532750      4.871900      298.6370    -0.3310350E-10  0.000000      73394.90      1543.699    
  14.00000    -0.7764460     0.8742070      301.6610    -0.4160820E-10  0.000000      48663.90      392.7771    
  14.00000     -1.775790      4.239920      299.9530    -0.2983840E-10  0.000000      36215.30      1743.749    
  14.00000    -0.4412160     -3.874270      300.4670    -0.3212300E-10  0.000000      60674.00      1159.229    
  14.00000     -6.936650    -0.4988990      297.5680     0.6813410E-11  0.000000      14022.10      3177.988    
  14.00000      3.989060      4.733450      298.4530     0.2418290E-10  0.000000      1409.740      3081.886    
  14.00000    -0.4219480     -2.058440      301.3980    -0.2188600E-10  0.000000      70883.60      551.5718    
  14.00000      2.101250     -9.491380      293.4390    -0.3757510E-10  0.000000      61352.00      2936.774    
  14.00000      10.91080      7.864780      285.3670     0.4463050E-10  0.000000      79161.40      3338.765    
  14.00000     -4.588290    -0.5550130      299.9330     0.1780550E-10  0.000000      27124.80      1893.412    
  14.00000     0.2172320     -9.395350      293.9990     0.4230190E-10  0.000000      79475.00      2254.376    
  14.00000      6.836030      6.101580      294.3930     0.2335340E-10  0.000000      76841.20      2277.072    
  14.00000      1.775980      2.816340      300.8230     0.4209640E-10  0.000000      2581.900      1631.641    
  14.00000     -3.394780     -3.280090      299.8530     0.3359170E-10  0.000000      1752.630      2333.837    
  14.00000      6.351510     -1.646460      298.0370     0.2059540E-10  0.000000      43525.30      2344.096    
  14.00000      2.617500     -4.108480      299.7270     0.2437280E-10  0.000000      18388.80      2139.066    
  14.00000     -7.305900      3.472780      296.0540    -0.3460070E-10  0.000000      22855.30      3474.057    
  14.00000      2.823220      2.434410      300.5800    -0.3456650E-10  0.000000      10121.80      1734.800    
  14.00000      1.588220     -9.966300      292.7700    -0.2537780E-10  0.000000      74628.40      2598.130    
  14.00000      3.067830     -9.701090      292.6170     0.1942690E-11  0.000000      63353.50      3012.793    
  14.00000      6.892040      4.845320      295.5590    -0.1863150E-10  0.000000      37698.80      3201.106    
  14.00000      11.46620      1.033960      289.9420    -0.4385000E-11  0.000000      69722.60      3187.574    
  14.00000      3.690460      2.641940      299.9990     0.8959610E-11  0.000000      19172.30      1979.277    
  14.00000      4.197920    -0.3381270      300.2480    -0.4608710E-10  0.000000      10786.10      1952.724    
  14.00000     -3.509180     -4.008910      299.3220    -0.4704400E-10  0.000000      35367.10      2040.424    
  14.00000     -1.694680      9.887050      292.8810    -0.3867310E-10  0.000000      73134.80      2632.649    
  14.00000     -6.760700     -2.686800      297.1650    -0.2398110E-10  0.000000      33843.30      2843.682    
  14.00000      1.323560      6.548350      297.8980    -0.4371900E-10  0.000000      11221.40      3112.300    
  14.00000     -4.559900     -2.666320      299.3640     0.3604030E-10  0.000000      55324.60      1670.532    
  14.00000      3.154090     -4.899570      298.8350    -0.7771880E-11  0.000000      25465.60      2428.308    
  14.00000     -5.343110      1.853210      299.0080     0.1234000E-10  0.000000      14297.80      2566.641    
  14.00000      7.670780      2.824110      295.9310     0.3120310E-10  0.000000      78308.50      1980.245    
  14.00000      9.529460     0.7991420      293.7150     0.4621180E-10  0.000000      66011.50      2734.537    
  14.00000      3.292290     -6.920540      296.6510    -0.1213140E-10  0.000000      32675.60      3030.985    
  14.00000     -3.173740      1.151000      300.7960     0.9835080E-11  0.000000      26399.10      1387.244    
  14.00000     -2.512540    -0.5631200      301.2080    -0.4518380E-10  0.000000      10724.30      1190.596    
  14.00000     0.1187280     -3.155250      300.9200    -0.3379890E-10  0.000000      60256.50      941.6575    
  14.00000    -0.1478040      5.674320      298.9870    -0.1062230E-10  0.000000      13038.10      2600.211    
  14.00000     -3.197050     -2.059750      300.5310    -0.1662770E-10  0.000000      49842.30      1267.461    
  14.00000    -0.1517390     -5.965690      298.6900    -0.2730030E-11  0.000000      19921.20      2598.884    
  14.00000     -5.937550     -5.305680      296.2350    -0.3513780E-10  0.000000      23545.70      3399.054    
  14.00000      2.388640     -2.485810      300.7540     0.1669410E-11  0.000000      19644.10      1494.226    
  14.00000      6.546210     -5.582690      295.2860     0.3157540E-10  0.000000      68156.40      2384.593    
  14.00000      2.780150      4.195190      299.5880     0.2351810E-10  0.000000      5764.330      2423.014    
  14.00000     -1.537420     -2.719060      300.9380     0.2741450E-10  0.000000      42778.60      1112.914    
  14.00000    -0.7341320     -1.785650      301.4580    -0.3903230E-10  0.000000      35761.90      731.6320    
  14.00000     -2.347880      6.557270      297.5560     0.2911990E-10  0.000000      27797.40      2860.414    
  14.00000     -2.014390      2.712930      300.7950    -0.2686030E-10  0.000000      11869.20      1551.709    
  14.00000     -10.31000      3.296870      291.3660    -0.2303390E-10  0.000000      58537.50      3397.848    
  14.00000      3.966830     -2.395300      299.9240     0.1755680E-10  0.000000      1148.240      2299.806    
  14.00000      5.397230      5.307380      296.7780     0.3975530E-10  0.000000      29152.40      3082.318    
  14.00000     -2.204090    -0.7799520      301.3080    -0.3836210E-11  0.000000      13453.00      1059.546    
  14.00000      5.061270    -0.9926430      299.4770     0.4401960E-11  0.000000      392.8870      2576.583    
  14.00000     0.2589460      2.127610      301.3830    -0.3956050E-10  0.000000      22507.20      906.6755    
  14.00000      1.284060      4.241120      300.0830     0.4396130E-10  0.000000      4636.110      2146.548    
  14.00000     -11.80090     -2.728970      288.6170    -0.6345790E-11  0.000000      83246.70      2801.422    
  14.00000     0.1140010     -5.699250      298.9630     0.2362460E-10  0.000000      81789.60      1300.582    
  14.00000      4.932820     0.2301970      299.6700    -0.3256360E-10  0.000000      9467.870      2315.794    
  14.00000     -8.455560      3.504080      294.4090     0.4709780E-10  0.000000      41912.20      3360.338    
  14.00000     -3.862090    -0.6477510      300.4560     0.3786400E-10  0.000000      3016.840      1915.725    
  14.00000     0.2721860     0.6816900      301.7320     0.8789810E-11  0.000000      14125.40      330.5409    
  14.00000     -2.110060      7.524350      296.4430    -0.1642040E-10  0.000000      25086.90      3292.868    
  14.00000     -6.083660     -4.848950      296.4910     0.3215010E-10  0.000000      27914.60      3203.416    
  14.00000     -4.823340     -3.572600      298.6540    -0.2035210E-10  0.000000      21018.00      2592.277    
  14.00000     0.6822560     -5.424950      299.1900    -0.1733900E-11  0.000000      7487.440      2604.410    
  14.00000      3.829930    -0.2643380      300.5080     0.4354780E-10  0.000000      28357.70      1554.001    
  14.00000      7.184580     -7.831270      291.7540    -0.3897990E-10  0.000000      59889.20      3282.444    
  14.00000      12.22650     -5.762850      285.1940     0.2751060E-10  0.000000      77787.30      3422.471    
  14.00000      5.122880      8.182490      293.5570    -0.2922210E-10  0.000000      61982.60      2894.524    
  14.00000     -2.224710     -1.816840      301.0680     0.3074020E-10  0.000000      29805.30      1146.711    
  14.00000     -5.538600      3.293220      298.1710    -0.4528970E-10  0.000000      48213.90      2199.677    
  14.00000      2.727680     -10.11030      292.0560    -0.1217580E-10  0.000000      62636.00      3132.473    
  14.00000     -1.919400     -8.406280      295.2570     0.3315380E-10  0.000000      53641.30      2814.040    
  14.00000      9.381080    -0.2169830E-01  294.0270    -0.4504850E-10  0.000000      48494.40      3238.596    
  14.00000     -4.505190     -3.734340      298.8100     0.3508430E-12  0.000000      7393.750      2792.693    
  14.00000      8.515680      6.318930      291.8000     0.2748070E-10  0.000000      81616.60      2485.060    
  14.00000     -11.59150      5.139480      287.2890    -0.9040710E-11  0.000000      83395.60      2939.653    
  14.00000     -4.793280     -10.21200      290.4330    -0.3286980E-10  0.000000      60335.60      3482.738    
  14.00000      3.858410     -1.076680      300.3940    -0.3164000E-10  0.000000      24526.90      1673.210    
  14.00000     -4.058360     -2.206560      299.9350     0.1319320E-10  0.000000      26665.00      1899.539    
  14.00000      5.127690     -4.435660      297.7800     0.9540000E-11  0.000000      63772.00      1963.279    
  14.00000      6.010350     -4.779420      296.6300    -0.2525230E-10  0.000000      37356.10      2916.068    
  14.00000     -7.487300     -5.595730      294.0840     0.4222490E-10  0.000000      55024.10      3018.754    
  14.00000      2.224710     -2.055110      300.9890    -0.4313370E-10  0.000000      59370.00      911.9533    
  14.00000     -14.38770     -2.133610      282.3860    -0.8367830E-12  0.000000      82946.80      3453.753    
  14.00000     -5.966820      1.862860      298.3860     0.1956430E-10  0.000000      6394.020      3008.386    
  14.00000      3.263190    -0.9053360      300.7900    -0.4221880E-10  0.000000      59297.40      1021.177    
  14.00000      11.38910    -0.7183010      290.1570    -0.3811650E-10  0.000000      72076.00      3064.712    
  14.00000     -3.874710    -0.8236060      300.4250     0.4409440E-10  0.000000      65826.40      1109.877    
  14.00000      1.425640    -0.3471010      301.5930    -0.3978470E-10  0.000000      35727.90      555.9475    
  14.00000      4.948530      1.480380      299.4710    -0.2301150E-11  0.000000      75760.10      1280.475    
  14.00000     -6.232860      5.547110      295.6800    -0.3167870E-10  0.000000      47363.50      2896.301    
  14.00000     -6.993030     -4.097490      296.0310     0.4439080E-10  0.000000      28395.60      3329.416    
  14.00000     -3.264320      7.887410      295.3900    -0.3255400E-10  0.000000      49016.80      2918.225    
  14.00000      1.569770     -3.077740      300.7500    -0.1699500E-10  0.000000      12466.80      1579.950    
  14.00000      4.851830     0.4692690      299.7250    -0.1845400E-10  0.000000      12338.10      2238.815    
  14.00000     -7.394570    -0.9383800      296.9320    -0.1342050E-10  0.000000      20646.00      3247.169    
  14.00000     -3.885570     0.3878840      300.4630     0.1542970E-10  0.000000      14427.70      1761.927    
  14.00000      7.191180     -1.118380      297.1620     0.1612280E-10  0.000000      31472.60      2902.788    
  14.00000      3.322850      1.956780      300.4960     0.3399510E-10  0.000000      53548.10      1237.748    
  14.00000     0.6852460      3.433600      300.7220    -0.4342830E-10  0.000000      59502.00      1053.669    
  14.00000      2.165840      1.881370      301.0700     0.3949310E-10  0.000000      1977.470      1410.494    
  14.00000      3.527070      3.832740      299.4310     0.2409710E-10  0.000000      18399.00      2289.224    
  14.00000      3.361600     -2.450700      300.2850     0.4826140E-11  0.000000      26118.10      1716.233    
  14.00000     -4.543540     -2.099020      299.6120    -0.3157310E-10  0.000000      9832.870      2341.465    
  14.00000     0.9820380      4.009160      300.3080    -0.1768160E-10  0.000000      20897.30      1774.495    
  14.00000     -4.950230     -5.163690      297.3210    -0.4350270E-10  0.000000      59434.80      2178.898    
  14.00000     -6.725630     -3.996910      296.4300    -0.5713130E-11  0.000000      62950.30      2297.493    
  14.00000     -5.939010      1.333560      298.5640    -0.9833050E-11  0.000000      13097.40      2791.063    
  14.00000      4.458900     -2.231700      299.6290     0.2609550E-10  0.000000      42851.50      1783.088    
  14.00000      7.206060      2.249290      296.8060     0.6276670E-11  0.000000      13993.70      3459.177    
  14.00000      1.689040     -2.801580      300.8570    -0.2629750E-10  0.000000      24723.60      1362.184    
  14.00000     -2.134890     -7.625230      296.2980     0.3021600E-10  0.000000      67391.40      2207.684    
  14.00000      1.484400      5.276820      299.1770     0.4074110E-10  0.000000      2721.010      2698.500    
  14.00000      1.804920     -6.477650      297.8460     0.1236420E-10  0.000000      878.5160      3366.686    
  14.00000     -5.897910     -3.195470      297.8660     0.3651880E-10  0.000000      16879.20      2997.876    
  14.00000      4.476800      3.304350      299.0970     0.3058630E-10  0.000000      5243.240      2692.964    
  14.00000     -6.725140      7.257380      293.1300    -0.1250470E-10  0.000000      75327.90      2520.478    
  14.00000     -3.169190      2.203840      300.4940     0.1192730E-10  0.000000      38960.20      1426.415    
  14.00000     -1.833440     -7.397600      296.7080    -0.2902600E-10  0.000000      73616.80      1962.024    
  14.00000     -1.260270      1.865870      301.3420    -0.2706440E-10  0.000000      36784.10      845.9429    
  14.00000      8.894570     -5.137200      292.4360     0.3396520E-10  0.000000      65408.70      2971.185    
  14.00000     -6.491290    -0.8196930      298.0580    -0.3898580E-10  0.000000      22546.20      2797.810    
  14.00000      7.201850     0.7434110      297.2100     0.3275490E-10  0.000000      16507.60      3251.912    
  14.00000     -5.780680      6.973720      294.5650     0.3393600E-10  0.000000      54143.90      2947.646    
  14.00000     -3.939740     -13.39220      284.0170     0.8471310E-11  0.000000      82453.10      3319.988    
  14.00000     -3.755270      10.94530      289.8150     0.5334280E-11  0.000000      69283.90      3222.792    
  14.00000      4.742340      4.455550      298.0990    -0.4436690E-10  0.000000      22079.20      2792.318    
  14.00000      1.560180      5.959710      298.4850    -0.3790970E-10  0.000000      22619.10      2629.062    
  14.00000      3.480940     -5.713420      297.8860    -0.3259290E-10  0.000000      21475.60      2886.563    
  14.00000      1.119470     -3.033060      300.8780    -0.4617100E-10  0.000000      11098.70      1492.552    
  14.00000     -1.043410     -7.031740      297.3770    -0.2750670E-10  0.000000      36500.20      2713.188    
  14.00000      5.191670      3.505710      298.3720     0.3687360E-10  0.000000      3383.340      3078.284    
  14.00000      2.965850     -4.538030      299.2340    -0.3576740E-10  0.000000      11531.70      2508.644    
  14.00000     -1.272010     -4.990850      299.4840    -0.1216990E-11  0.000000      19824.80      2238.697    
  14.00000      2.362150      1.211360      301.1720     0.4222980E-10  0.000000      4720.230      1280.552    
  14.00000     -3.540320     -4.634080      298.8300    -0.2026760E-10  0.000000      12194.60      2689.281    
  14.00000    -0.2317150      3.224460      300.8780    -0.4188900E-10  0.000000      22343.30      1371.604    
  14.00000      6.780450     0.1720620      297.7770    -0.1838610E-10  0.000000      70401.30      1813.064    
  14.00000      8.147120     -6.139470      292.5670    -0.6656300E-11  0.000000      57571.70      3222.846    
  14.00000      2.378440     -7.037750      296.9650     0.4017570E-10  0.000000      29130.00      3023.648    
  14.00000     -7.158710     -1.103350      297.2060     0.3708150E-10  0.000000      41135.00      2653.160    
  14.00000     -4.410710     -4.418890      298.3950     0.4415910E-10  0.000000      28909.80      2533.633    
  14.00000      1.210380     -2.201070      301.2350     0.8955960E-13  0.000000      44793.20      877.2911    
  14.00000     -3.982690      1.255230      300.2740    -0.2076110E-10  0.000000      24924.90      1739.379    
  14.00000      1.493240      2.440360      301.0740     0.4269670E-10  0.000000      4698.170      1380.735    
  14.00000     -1.042150      5.733890      298.8340     0.6405060E-11  0.000000      518.2550      2915.176    
  14.00000     -4.294260     -1.728550      299.9270    -0.1746200E-10  0.000000      8121.480      2189.765    
  14.00000     -1.930600     -1.262650      301.3200     0.1731660E-10  0.000000      64492.20      654.6284    
  14.00000     0.3551450     -8.660660      295.1870     0.3218080E-10  0.000000      67971.40      2408.707    
  14.00000     -5.318150     -4.516220      297.5410     0.2371140E-11  0.000000      7302.970      3346.099    
  14.00000    -0.8403830     -1.638160      301.4870    -0.3844990E-11  0.000000      19994.20      793.9294    
  14.00000      8.141710     -4.817110      293.8930    -0.1644320E-10  0.000000      62462.60      2817.711    
  14.00000     -5.097130     -9.690950      291.1140    -0.2046500E-10  0.000000      70617.70      2985.805    
  14.00000      4.992770      1.304710      299.4750    -0.3187480E-10  0.000000      60631.50      1539.961    
  14.00000     -1.378450     -4.578050      299.8030     0.4719530E-10  0.000000      4420.380      2321.614    
  14.00000     -1.243020      1.956370      301.3160    -0.7888810E-11  0.000000      7755.150      1094.213    
  14.00000     -1.895990      6.383850      297.9230    -0.2160450E-11  0.000000      19884.70      2908.459    
